temperatura,humedad,velocidad_viento,precipitacion,presion,nivel_uv,weather_condition,fecha,direccion_viento,id_lugar
11.8,26.4,79.8,878.8,1065.3,5.2,sunny,9/5/2022,Sur,01JCVGPK7AHV2D1RE8WN63QH5V
4.2,84.8,118.7,93.7,1003.3,7.5,snowy,10/7/2021,Suroeste,01JCVGPKZ91NNA9XYC3ZDAPSZT
20.3,35.9,64.7,1391.22,1019.1,1.5,cloudy,7/30/2021,Oeste,01JCVGPKE2KXX18ZDS7X7N08ZN
7.5,6.9,49.3,1267.69,996.0,2.9,snowy,9/8/2021,Suroeste,01JCVGPK6RDY9V7YK3D3QTPPBK
34.6,46.0,91.9,1031.11,1048.4,19.2,cloudy,3/23/2021,Sur,01JCVGPKAZ3FQPCKDC1BYXRA83
29.1,59.8,97.6,553.61,958.9,1.6,snowy,11/16/2021,Noreste,01JCVGPKQ914ZD9SH4TEG688Y9
35.6,78.6,93.8,1113.32,1081.2,9.6,snowy,5/7/2022,Sur,01JCVGPK1EN4GQC140ZRJ5A0GA
40.7,31.3,116.0,1384.17,949.1,5.7,rainy,2/1/2022,Este,01JCVGPKPEY3C3DEPQFR0H42R4
20.0,82.7,44.3,395.91,1038.0,3.8,sunny,10/7/2021,Este,01JCVGPKC2KN8H62VNXP0ENXQD
10.9,47.6,50.6,870.82,1098.7,5.1,snowy,6/26/2021,Norte,01JCVGPM0D2WZ98DBD15TE17AR
1.1,80.6,118.3,895.53,989.1,1.3,cloudy,9/5/2021,Noroeste,01JCVGPKHGSXFRPAQ5FH7MVAZA
37.1,90.5,87.0,449.06,960.2,14.7,cloudy,2/1/2021,Sureste,01JCVGPKC4D0DESBAB4NBWCFKS
24.3,21.8,84.0,489.23,1005.9,12.8,cloudy,4/5/2021,Noroeste,01JCVGPKCNNS2DT94737VA2QXJ
42.4,24.5,82.2,1059.77,1065.3,13.7,snowy,5/30/2022,Suroeste,01JCVGPK4VXZ1T3GCQWG6HBRJG
17.8,85.9,72.9,169.36,918.4,12.4,snowy,2/9/2021,Sureste,01JCVGPKF5MFZTTZTG4HNQTQ5A
31.8,21.5,24.7,1212.87,925.5,8.4,cloudy,5/4/2021,Noreste,01JCVGPKZH7VAPGSMGTWR42W2S
2.2,18.5,42.9,802.34,901.2,10.5,cloudy,7/1/2022,Noreste,01JCVGPKAE5NEB5ZC6N00H29ST
33.7,47.9,60.4,1322.97,909.0,15.6,snowy,5/20/2022,Sureste,01JCVGPKPHGGMT2WZCJKVYJVQN
12.0,35.7,52.5,307.35,1068.1,8.8,cloudy,7/30/2021,Oeste,01JCVGPK6P2SDK14ERMSVYJTHG
15.0,94.7,100.5,594.01,1089.4,15.4,sunny,12/14/2021,Noroeste,01JCVGPM1E9VY2TFSQMZXHPMVV
-0.1,42.2,67.0,438.11,941.0,14.0,snowy,8/9/2021,Suroeste,01JCVGPKSDSDTR2552T7E4Q2P6
16.5,4.8,5.1,9.56,1068.2,2.7,sunny,6/20/2021,Norte,01JCVGPKTFDZ4M7MY413VFCRFY
35.7,87.3,9.1,373.91,940.4,19.5,rainy,1/31/2022,Noreste,01JCVGPKMCB51F0Y0C57TTS6AJ
37.0,48.4,10.0,255.77,951.4,18.4,rainy,5/3/2022,Noreste,01JCVGPKKTD369TADTNFQ6JWFC
18.2,31.2,70.8,340.53,1045.5,18.3,sunny,5/16/2022,Sureste,01JCVGPKEHRHDMG52G3K2JQAJB
28.4,77.4,88.6,1236.71,1098.0,19.4,cloudy,2/3/2022,Oeste,01JCVGPKC3QE8EXGJ2KPPVQF9H
43.6,10.5,100.0,275.55,1087.1,12.3,sunny,5/14/2021,Oeste,01JCVGPKSN7ZGNVWP43KQ6D31D
16.7,37.8,61.0,424.32,988.0,5.0,snowy,10/1/2021,Noreste,01JCVGPK57TNQF1W72MDZSSYCH
5.0,84.4,43.3,1320.45,921.0,1.0,sunny,12/16/2021,Noroeste,01JCVGPK9QH33BX20J9GJBG1W8
10.8,38.3,63.7,448.63,1067.3,9.8,snowy,5/30/2021,Noreste,01JCVGPJZNQQXNCWQHCSSX0QKB
40.1,42.2,57.1,1210.23,1037.0,12.3,snowy,6/12/2022,Noreste,01JCVGPJZMTPYGGC6QNX12M6FW
40.6,47.0,17.6,678.46,1023.2,1.3,snowy,5/7/2021,Noroeste,01JCVGPK9FAHJEK9VH35SRGRJX
38.6,95.8,32.1,625.88,1005.9,14.0,snowy,7/9/2022,Suroeste,01JCVGPKCHYGWTQH3WZKGEA55B
35.2,40.0,13.3,374.76,1096.3,9.3,sunny,7/20/2022,Noreste,01JCVGPKFR6GMVS09CXDSWBXGF
30.1,44.3,6.8,535.04,1040.5,12.8,cloudy,10/31/2021,Norte,01JCVGPK87T9TJTG2ESYWCQRC9
2.0,56.9,12.9,292.16,904.0,15.4,cloudy,5/12/2022,Este,01JCVGPKVVRR3163ZBV27CJYC1
35.3,70.0,70.9,457.06,974.3,4.7,cloudy,4/17/2022,Noroeste,01JCVGPKRY7MXBA0591KQPSGT9
4.3,38.3,118.8,196.83,902.7,1.7,rainy,2/2/2021,Suroeste,01JCVGPKYVWKQMX84CC6B98BX1
14.8,92.7,10.2,1384.56,917.7,16.6,cloudy,1/11/2021,Este,01JCVGPK96MMS4TNJBSJZ7HPCH
27.8,34.1,117.6,686.57,1052.6,5.1,sunny,1/27/2022,Este,01JCVGPK4C3PA7QB9E6ETAY03T
43.8,15.4,64.2,489.85,991.9,16.3,snowy,1/25/2022,Noreste,01JCVGPKZSN1M8MD00D2HCTHWP
16.0,13.8,10.0,1181.25,1000.2,8.7,rainy,1/17/2021,Norte,01JCVGPK6AF017KZMFPJHJZD14
11.0,96.2,69.8,1163.15,976.1,16.9,sunny,11/26/2022,Este,01JCVGPK491AP9AZD73A23D9Q9
5.2,92.7,115.9,794.3,1079.5,0.2,sunny,10/9/2022,Sureste,01JCVGPKDAV3GJPWZ6148P2SXT
15.8,75.6,33.9,1396.82,950.8,10.1,sunny,1/12/2022,Sureste,01JCVGPKQJB6WRK8BTNX688CJY
25.1,1.3,33.1,237.27,1057.4,6.5,rainy,6/12/2021,Noreste,01JCVGPKD9E6TN5D9XR2DK7G3A
13.9,22.1,60.0,86.94,997.2,16.4,snowy,2/27/2022,Oeste,01JCVGPKC6JKJ30V55ENPM6G2G
24.3,95.7,70.2,554.58,1004.9,8.0,rainy,10/17/2022,Sureste,01JCVGPKEN8VR2S9FJ1Z440CNB
25.1,66.8,80.5,1254.55,928.8,5.8,cloudy,12/28/2021,Este,01JCVGPKTWHCBXZ9B0XG1WX0VN
10.9,35.4,67.1,606.78,1084.4,12.2,snowy,9/3/2021,Este,01JCVGPJYK2RSHZAVHBG3JR24F
12.3,64.3,22.4,760.83,986.3,5.4,snowy,2/12/2021,Sureste,01JCVGPKSHHRHXV0GHP6B9KYX4
19.5,44.2,28.6,75.93,973.5,8.6,cloudy,6/6/2021,Noroeste,01JCVGPJZ3R4WMWTBTTF4BN83V
40.3,82.5,82.8,1232.04,1019.5,16.0,sunny,11/10/2022,Este,01JCVGPK7T7PDS5YAR7A6B6Q27
7.7,82.2,80.6,1117.3,908.5,11.0,cloudy,7/5/2021,Este,01JCVGPJYWQ9T62ZYNMXJRZZDX
12.4,89.9,66.0,153.27,971.9,2.5,cloudy,9/9/2022,Noreste,01JCVGPM0V6S7WY5GXV0P86NAP
4.2,91.6,86.2,373.84,1010.2,10.4,rainy,9/14/2022,Noreste,01JCVGPKHQB0BW46J2R3D6F5YS
7.1,13.5,48.2,118.95,1081.3,17.5,snowy,6/18/2022,Oeste,01JCVGPKKP6Y6B9SZ9S9EEWK4A
35.9,21.1,62.0,117.36,920.1,17.4,sunny,7/21/2021,Suroeste,01JCVGPK48E3ZK2QXJ7QBS6VGZ
20.7,77.6,116.1,895.08,1062.9,8.7,snowy,1/26/2021,Sureste,01JCVGPKHB6QYGC569HM532C7P
9.8,76.7,61.0,1274.27,1044.5,16.9,sunny,10/1/2021,Este,01JCVGPKN4MKT3ENHVMX1DHZPQ
17.4,25.0,30.9,108.93,954.3,17.4,sunny,7/20/2021,Noroeste,01JCVGPKCQZ947FE8WXPZQREBD
30.2,79.0,108.8,381.07,974.4,17.7,rainy,12/19/2022,Noreste,01JCVGPJZ3R4WMWTBTTF4BN83V
21.6,59.1,25.1,84.93,1090.1,0.9,sunny,3/19/2022,Sureste,01JCVGPK4AXREDQ21R8KETY7FH
15.2,6.4,7.7,637.81,967.5,13.0,rainy,9/8/2021,Sureste,01JCVGPKE2YFQVQ8H01H9DW31S
0.0,67.4,70.4,903.26,1044.8,12.7,sunny,7/25/2021,Noroeste,01JCVGPKCR9GX990NBQVF9YCCW
31.2,64.2,111.3,1004.43,934.4,1.9,snowy,1/24/2022,Sureste,01JCVGPKV39ZXHDK2X0CPFWGQY
36.1,33.4,51.5,407.06,1034.3,7.2,snowy,4/10/2021,Norte,01JCVGPKZ1HNPQ5A17TXYEZQB4
25.4,77.3,17.7,82.06,957.0,3.1,snowy,6/9/2021,Norte,01JCVGPK0V8GP22PKYGA7Y61M0
43.5,17.3,81.0,348.0,1071.0,5.8,sunny,12/18/2022,Sur,01JCVGPKRSCPMPQRFA6KWPDG31
42.0,93.2,78.4,1257.19,1067.7,6.1,cloudy,6/8/2022,Noreste,01JCVGPKKX63JR001XMV240PP7
3.2,84.7,19.3,707.75,1068.9,6.1,snowy,12/2/2021,Noreste,01JCVGPK5M1WKKFH0Z5Q2KTX94
33.2,79.1,76.4,1179.92,914.2,13.1,cloudy,6/26/2021,Oeste,01JCVGPK4AXREDQ21R8KETY7FH
40.6,38.2,82.5,1235.73,967.4,17.4,cloudy,12/9/2021,Sureste,01JCVGPKR3PAV95Y4G038QE41S
5.6,57.7,38.6,1153.21,966.3,10.7,cloudy,2/8/2021,Este,01JCVGPK86BZF7244731YAVTKF
0.4,9.4,4.8,275.07,942.0,12.0,sunny,2/25/2022,Noroeste,01JCVGPKDRT35MHYB570SW9GPA
36.4,59.3,2.0,435.82,921.1,18.9,sunny,11/3/2022,Sur,01JCVGPKRJW84X4BCNC79H8W9E
9.0,60.3,41.3,1353.52,1040.0,18.0,cloudy,2/14/2022,Noroeste,01JCVGPK098ND6AJN4JVH6G66Z
0.2,6.5,112.2,403.15,997.7,18.7,rainy,3/5/2022,Noreste,01JCVGPKT5K48ENPFFJ4MMKMV9
11.7,48.7,4.1,435.25,944.3,7.1,cloudy,2/1/2021,Este,01JCVGPK3V0CQW8AQX4Y2QNC4K
26.7,52.2,88.8,1236.09,930.6,10.8,cloudy,7/22/2021,Suroeste,01JCVGPJZK2KJ61792V20JZ9ZC
34.6,46.2,19.1,251.52,980.7,10.3,snowy,3/28/2021,Norte,01JCVGPKWTGWH2MNZ9H7FAPASY
39.3,69.0,11.5,1109.25,918.1,19.6,sunny,4/15/2021,Oeste,01JCVGPK5CT5N16FH68GV0CSST
40.4,13.3,50.5,85.09,1060.8,12.3,cloudy,3/25/2022,Suroeste,01JCVGPK81S17SJ28JDE69E0GB
5.0,25.8,105.3,562.39,933.8,14.8,sunny,7/16/2021,Noroeste,01JCVGPK9S9V188PBDKAE90SDN
15.3,51.3,100.8,386.38,927.5,1.7,sunny,3/28/2021,Suroeste,01JCVGPKDBHC8Q553T9GR12K4V
22.5,82.0,44.8,519.06,1053.1,4.5,rainy,10/14/2022,Este,01JCVGPKESEJSTCNNQZKFCT71Q
33.0,67.0,17.7,1170.49,959.5,7.0,cloudy,5/12/2022,Noreste,01JCVGPKQ77YXZS41DHQ92VN37
25.6,13.3,48.1,689.03,1094.5,12.0,snowy,12/19/2022,Noreste,01JCVGPKAJV5QVRN90YRYYM4D8
25.4,6.9,118.2,1010.75,1069.1,11.9,snowy,6/18/2021,Noroeste,01JCVGPKVRSC77K4G74SSEKT4C
22.2,12.4,38.1,722.15,1080.0,16.3,snowy,1/15/2021,Norte,01JCVGPKVNDWXZKABVYCMKQ8GE
2.8,22.3,39.4,408.33,913.4,8.9,rainy,8/8/2021,Noroeste,01JCVGPKNCA3EKXGMA9KVXVXK5
33.7,42.4,52.1,1036.1,992.8,2.7,cloudy,7/17/2021,Sur,01JCVGPKEHRHDMG52G3K2JQAJB
2.8,68.3,50.1,565.54,1061.4,2.6,sunny,4/6/2022,Suroeste,01JCVGPKDWT2VRNYB8PCTYH0FV
43.2,41.0,77.8,780.65,902.2,1.7,cloudy,1/19/2022,Sur,01JCVGPK417R3Y3NTGEJPBQ3QJ
15.9,18.3,31.5,1319.99,907.2,13.9,cloudy,2/28/2021,Suroeste,01JCVGPKVMYBSZ4SS6GFBFQK05
21.5,58.0,45.0,477.19,1021.5,9.9,cloudy,6/27/2021,Norte,01JCVGPK6CMKPQQ4SY5SPAP6X8
35.5,21.0,40.1,1036.7,941.9,12.3,rainy,4/16/2022,Sureste,01JCVGPKN6CVQK27CDW5W4F6Z0
30.3,82.7,99.5,530.25,963.4,7.7,sunny,11/17/2022,Sur,01JCVGPKZAD1W8RADWMT3KQ94P
12.6,66.4,112.0,979.88,968.1,18.1,rainy,5/13/2021,Suroeste,01JCVGPJYVCGERP7GRFA80K4EF
23.4,76.5,34.8,1064.4,1051.3,5.6,rainy,7/12/2021,Norte,01JCVGPKBBC2ZY252CNBHCVQMK
37.7,61.0,96.7,488.07,937.6,6.4,snowy,10/28/2022,Norte,01JCVGPK86BZF7244731YAVTKF
22.4,24.8,101.8,496.93,1086.5,2.5,rainy,4/4/2021,Sureste,01JCVGPKCD0346XK7CWS6G7AYY
38.8,8.5,107.3,169.45,1089.6,8.6,sunny,12/3/2021,Sureste,01JCVGPKX5ACA239B21ER599R7
11.9,47.3,44.2,1095.07,1052.6,3.1,cloudy,3/20/2022,Sureste,01JCVGPKAW8Q0NEAV31392DYQN
19.8,71.3,88.4,1172.18,962.3,3.7,cloudy,9/23/2021,Sur,01JCVGPKMP1NH8M4NTPE5F4WKC
21.3,30.9,7.3,123.54,1075.2,9.6,sunny,12/25/2022,Noroeste,01JCVGPKDNW0A8RXG44HK0EM7N
24.3,65.7,48.2,111.54,1068.5,1.2,cloudy,3/12/2021,Sureste,01JCVGPKY7B68J08BX24TJFCJ5
35.9,31.4,55.2,844.93,1029.4,18.2,snowy,3/31/2022,Suroeste,01JCVGPK5BAG58F5VFRREH3283
17.1,49.3,59.0,1.26,1011.5,2.2,snowy,3/21/2021,Norte,01JCVGPKT2533PRRZ948Y7MVC0
18.3,26.4,47.6,108.16,937.7,7.6,snowy,2/6/2022,Este,01JCVGPKS2K2A3WP453TDS4AWK
12.0,55.9,104.9,1151.33,1084.7,6.7,cloudy,5/11/2022,Sur,01JCVGPKRWEWK9M5N6CW95Q2QT
2.3,81.6,57.6,495.55,1009.2,19.1,cloudy,12/8/2021,Noreste,01JCVGPM18V4VXESF8NG5930G0
17.9,33.8,76.5,1296.21,996.7,4.3,snowy,1/14/2022,Sur,01JCVGPM0NBGKVH46W6F0QQ2Q5
18.9,39.5,12.3,476.81,1090.2,5.1,sunny,7/3/2022,Norte,01JCVGPKQ77YXZS41DHQ92VN37
5.2,49.3,62.3,1143.99,1071.2,10.1,sunny,2/27/2022,Suroeste,01JCVGPKE3ADY8W5KBYNH0VV5C
30.4,93.4,34.5,535.3,1054.6,6.7,rainy,8/9/2021,Noreste,01JCVGPKE5ABHCTSTSD0QQR7R2
-1.5,64.1,37.8,709.3,1089.5,7.9,cloudy,3/19/2021,Este,01JCVGPKQK50TFBH9VPQPRJGMF
8.2,38.2,75.4,225.4,1086.5,3.9,snowy,11/6/2021,Sur,01JCVGPKHCAHSWKJ8S8E9W0E86
35.0,96.1,107.1,992.66,1046.3,18.3,cloudy,11/23/2021,Noroeste,01JCVGPKT19D53MPZW9R33FYG6
43.0,34.3,63.8,834.67,1053.8,8.5,snowy,2/14/2022,Noreste,01JCVGPKD29W1X6FM9DA9DCHYV
3.1,34.1,64.6,258.48,945.2,4.6,rainy,7/20/2022,Oeste,01JCVGPKWDQ1GSTA87M0P076NP
32.6,9.6,54.7,47.24,1092.2,13.1,sunny,3/27/2021,Este,01JCVGPKP2776J07XSZ2QXK4GK
27.0,6.0,63.1,1182.78,1083.9,15.4,sunny,10/14/2021,Sur,01JCVGPKZCKT8EQ4ZQ6TRYCM66
33.3,72.7,40.2,732.0,1037.7,13.2,snowy,10/15/2022,Noroeste,01JCVGPK1PBH32DFT2YPHVGGV6
32.8,75.4,20.7,159.62,920.5,0.7,cloudy,12/30/2022,Sur,01JCVGPKQZMWKM9J9ZK3CACXJ7
37.4,16.3,31.9,448.68,1061.0,0.7,sunny,8/31/2022,Sureste,01JCVGPKBGXBSJTYPD495QK377
14.9,43.0,13.1,358.52,1093.4,11.6,rainy,6/20/2022,Suroeste,01JCVGPM1GDD52G66P9DHRTGQV
2.3,84.1,13.4,811.01,1017.8,9.7,cloudy,11/28/2021,Este,01JCVGPKMJ3KTD29MYRYAW9MSD
9.9,5.3,66.8,513.73,934.2,4.6,rainy,4/18/2022,Este,01JCVGPKQ5KM3FB07AFHJP3PYF
39.1,42.7,102.0,323.92,975.6,6.4,rainy,12/3/2021,Oeste,01JCVGPK0QRXMPWNTYZXZG8KSZ
36.0,46.7,65.5,161.87,973.2,9.1,cloudy,9/1/2022,Oeste,01JCVGPKQZMWKM9J9ZK3CACXJ7
42.3,19.9,71.7,197.09,1018.7,14.4,cloudy,1/14/2022,Noreste,01JCVGPKZFF3JDN9EG9MEEHHB6
22.9,32.3,84.1,1384.8,956.7,11.1,cloudy,4/23/2021,Oeste,01JCVGPKVSSJMJJRR9CN1T3KGS
36.1,56.2,18.0,586.28,1009.2,2.5,snowy,5/5/2021,Suroeste,01JCVGPJZEFXKSXTTBK143BSPZ
13.7,98.2,119.6,720.27,981.6,16.3,sunny,4/21/2022,Suroeste,01JCVGPKDM03YM707KPH2DEHMS
42.4,96.6,69.6,1234.57,1087.5,19.4,snowy,8/10/2021,Sur,01JCVGPK9NM61R1SQABKKNZ41C
29.0,82.6,2.6,1054.0,989.8,17.6,snowy,3/10/2022,Oeste,01JCVGPKT6H1538CP2D9H4JTQ1
40.6,62.0,108.8,528.16,1061.2,14.7,rainy,11/15/2021,Norte,01JCVGPKYJFXECACR8MSRQA1XF
36.1,97.2,14.9,1308.36,999.9,12.4,sunny,5/11/2022,Este,01JCVGPM22ZEFG7D979X5KR7EF
33.6,6.2,70.4,1027.28,977.0,15.3,snowy,7/6/2022,Noroeste,01JCVGPM23SPZ90N3DJ23PYZA5
6.2,85.0,47.1,251.47,1030.3,11.4,rainy,6/16/2021,Este,01JCVGPM0WHGZP5TZAK4EHBWGJ
15.2,9.7,13.6,791.56,946.2,11.6,sunny,5/10/2022,Norte,01JCVGPK6MRAXWBE63KSWVFPMT
19.0,81.9,87.4,1311.74,1001.6,19.5,sunny,6/24/2022,Norte,01JCVGPM1TVFD7PXQSNMPHAE94
11.3,31.5,51.7,1013.1,1092.9,8.0,snowy,8/4/2022,Sureste,01JCVGPKB52VE80YWYBNGFXY68
-0.8,94.1,100.9,274.73,1017.3,7.2,sunny,4/22/2022,Este,01JCVGPKM4CG5F6BEV0BQAWMGD
43.1,5.9,65.3,1071.4,913.5,3.9,rainy,11/22/2022,Oeste,01JCVGPKSYBZPP57YNY63KXJ6W
-1.0,30.3,40.8,218.21,1014.4,9.3,sunny,5/27/2021,Sur,01JCVGPKKACEFN0ZX2FDDNBD7A
27.1,18.9,47.4,697.81,1074.3,6.2,rainy,3/18/2022,Sureste,01JCVGPKGTPJHJSF52C3G4J8QQ
14.9,84.8,44.8,79.33,1049.8,8.4,rainy,12/30/2021,Norte,01JCVGPM1B7HS9QMFNHB9QETTX
1.0,99.1,94.7,1368.68,933.0,3.6,cloudy,7/23/2022,Suroeste,01JCVGPK0Y4T910ZYQ8Z813TGV
22.6,92.2,36.1,1004.92,1088.8,14.2,snowy,3/3/2022,Norte,01JCVGPKQAX0N6Z7DC29DY1TQB
10.8,90.2,111.1,1026.5,969.8,6.6,sunny,12/25/2021,Este,01JCVGPJZ9SS5HJV5FNYX89ZD4
34.3,81.7,10.2,1043.05,1066.2,7.4,cloudy,5/22/2022,Este,01JCVGPKSW1TGYW8CRDXZNC9MM
26.6,47.5,77.0,206.72,935.6,12.2,rainy,3/4/2021,Sur,01JCVGPKBKH36BP7T5DVZ7HG38
2.0,17.8,0.5,964.13,909.9,19.0,rainy,10/4/2021,Suroeste,01JCVGPKTK6XXHQQYAA2C6QRBE
11.8,50.8,57.9,332.67,1091.9,13.8,rainy,9/7/2021,Este,01JCVGPKGSWHRPRGWZZP077031
11.7,71.3,67.4,133.62,989.4,1.4,sunny,5/19/2022,Sur,01JCVGPKSEWBCJQ7KPVDK4304J
14.8,95.5,21.5,1348.1,918.4,9.8,sunny,5/14/2022,Oeste,01JCVGPM0F9ZW9CA7K0BZECR4E
34.4,67.2,77.7,722.17,988.2,2.3,snowy,10/9/2022,Sur,01JCVGPKFD6X58VCKDJ6FTN1BX
8.3,41.9,0.1,1043.03,1021.6,4.9,rainy,8/1/2022,Norte,01JCVGPKEBWNPXPR4D1ESFTPEX
19.2,30.4,21.4,1272.25,1070.5,8.9,cloudy,6/9/2021,Sur,01JCVGPK0PRCF148VWYX7XPDD4
39.0,99.2,95.2,44.49,1001.8,8.4,sunny,3/14/2022,Norte,01JCVGPK77SAF3ZP8DGFZCFFY6
1.9,99.7,113.5,1388.15,935.4,2.4,rainy,4/30/2021,Oeste,01JCVGPM0X9R1ZX5FJ69J50SCG
36.2,4.8,90.5,618.13,1013.1,16.8,sunny,2/15/2021,Noroeste,01JCVGPM0ZM79XQ7NY4QA55488
40.3,77.5,19.9,243.68,993.5,8.9,rainy,12/26/2021,Sureste,01JCVGPKN4BGJJS8CJSPCDPEEJ
11.4,93.6,10.0,257.27,1032.2,16.8,rainy,2/21/2021,Norte,01JCVGPKCASXVP5B6CSFNHAVRZ
34.1,80.9,22.1,1330.64,1006.5,1.6,cloudy,9/10/2021,Sureste,01JCVGPK4HWYXJT0PERAK2C9G0
10.0,93.3,87.8,108.05,997.6,0.3,snowy,2/28/2022,Sur,01JCVGPKWF93Y2KS0JX55AM899
23.0,75.9,6.8,763.88,977.4,15.7,sunny,4/19/2021,Sur,01JCVGPKS5G7DDE5XKPB947N95
-1.1,89.5,71.4,98.92,1077.8,18.6,snowy,6/20/2021,Este,01JCVGPKMRNS55CTSJR8K1ZGFQ
6.7,7.8,68.2,1350.34,1025.9,14.7,cloudy,4/19/2022,Sureste,01JCVGPKSDSDTR2552T7E4Q2P6
37.1,5.5,21.1,986.25,1010.5,6.1,sunny,8/6/2021,Este,01JCVGPKMBZ5EYT6A89QC3N0DZ
41.7,83.2,119.6,773.23,944.4,17.9,sunny,5/14/2022,Sureste,01JCVGPK9YPSBKDMAKSXQ6JZBE
8.1,18.1,53.5,689.14,959.7,15.8,sunny,6/29/2022,Noroeste,01JCVGPJYJS5A2FC3H88D1MD85
6.1,75.5,53.3,822.04,974.7,18.0,rainy,11/27/2022,Noreste,01JCVGPKSBRGR6SXJ64VZEPEJS
34.5,27.8,6.5,386.01,1035.2,4.4,rainy,9/15/2021,Sureste,01JCVGPKYQYZ2EDXKDF3VB3TAJ
21.5,55.6,22.9,73.99,1075.7,13.8,sunny,4/28/2022,Este,01JCVGPK49J0HE2E0DYHDDQSHR
23.2,14.4,113.9,897.86,1071.0,15.6,rainy,9/14/2022,Suroeste,01JCVGPK8WFXR5ERR84DBT7M95
15.3,98.6,25.7,258.68,947.6,16.7,snowy,8/7/2022,Suroeste,01JCVGPKX09D8WX293KQFWG7MX
-1.1,21.1,47.5,55.45,918.9,4.9,sunny,6/27/2021,Noreste,01JCVGPKHEQCQ4GC01H20SRQ42
6.7,52.9,20.8,431.62,973.8,6.7,snowy,5/5/2021,Sur,01JCVGPM080440DPKBNJBW3BT2
18.8,53.7,20.8,493.51,1091.6,7.7,rainy,10/5/2021,Suroeste,01JCVGPKPXCVVERDJ9WP3J1BYC
38.5,89.3,51.1,582.8,990.8,19.3,cloudy,7/10/2021,Norte,01JCVGPKFFHR3TFZX2ZGD9D2NY
28.2,62.0,8.4,953.59,963.0,4.1,sunny,8/22/2022,Noreste,01JCVGPKNYKX4QE932FG7FMPF6
9.8,33.0,14.0,1188.66,1034.2,8.9,rainy,3/5/2021,Suroeste,01JCVGPKYJFXECACR8MSRQA1XF
18.1,6.4,39.4,1396.31,986.6,14.9,sunny,5/31/2021,Noreste,01JCVGPK5SH3W1REPJQ8TN05QQ
27.4,62.7,72.1,1370.08,1001.4,0.9,rainy,12/22/2022,Sureste,01JCVGPKTBXVFGPXPCZJS7163Z
37.4,34.0,11.7,13.89,931.3,3.6,sunny,10/23/2021,Sureste,01JCVGPKPT9HEYGVMG6JPJBYQS
18.4,28.7,108.4,362.58,958.9,2.4,cloudy,10/13/2022,Norte,01JCVGPKRSNV0XEW69KZBM1PPG
9.8,39.2,75.0,101.83,1000.1,11.9,snowy,8/18/2021,Este,01JCVGPK79SFKD20BSSZC2GABE
17.1,85.5,109.0,1236.43,959.9,11.1,sunny,12/14/2021,Norte,01JCVGPKQP28D938YMV0HC2NYM
7.6,73.0,82.8,1077.76,1062.5,19.9,rainy,10/23/2022,Sureste,01JCVGPK9C8M3MKMA4BAPM6KR9
12.6,49.4,78.6,436.26,901.8,16.0,cloudy,5/1/2021,Sur,01JCVGPKTPXXER2X8ZZPQ0SBTC
11.3,9.1,109.1,401.17,975.4,18.8,sunny,8/19/2021,Norte,01JCVGPKAP1MR24AG19NX62Y49
33.7,11.1,54.0,270.26,1040.6,5.3,snowy,5/20/2021,Norte,01JCVGPK9YPSBKDMAKSXQ6JZBE
27.1,39.5,38.9,201.28,912.0,3.6,cloudy,11/5/2022,Sureste,01JCVGPK4QXJ10N0KVMBM6S64G
37.1,90.3,14.3,743.35,1027.2,9.2,sunny,2/27/2021,Norte,01JCVGPKMHQ3KTV1N4KRS6N6AZ
11.2,94.6,18.3,1349.02,1078.5,4.5,sunny,8/24/2022,Norte,01JCVGPM05MMNM59670P215WYF
26.3,62.6,11.5,686.79,1016.3,11.7,cloudy,3/18/2021,Este,01JCVGPKZ4PPKZ8RYEFWJY1HPR
24.7,79.0,112.6,1223.01,1013.9,0.1,rainy,11/28/2021,Oeste,01JCVGPKT3GWX2F4KN9GDT8ZFP
40.3,21.2,93.2,493.26,923.6,4.3,rainy,3/18/2021,Este,01JCVGPKRSNV0XEW69KZBM1PPG
25.6,49.2,57.9,1381.63,910.4,17.5,snowy,10/10/2022,Norte,01JCVGPKDECHQ93NWPFY7TBQ9X
-1.9,0.7,108.6,462.26,960.7,0.5,sunny,10/22/2022,Noroeste,01JCVGPK8RWW6Q4CXZS9QE5HP8
38.1,73.2,78.9,901.21,966.4,9.7,sunny,4/21/2021,Norte,01JCVGPKFJ6VTWCVG356T9RDDJ
23.2,14.7,110.9,1008.3,1070.3,11.2,snowy,6/7/2022,Noroeste,01JCVGPKGP8FM44Y3AD5PE6HDY
9.6,56.6,19.0,906.94,918.8,18.1,snowy,1/15/2022,Norte,01JCVGPM0SG494AAYCJ4GWSFWA
40.4,24.4,118.5,869.31,993.8,8.2,rainy,3/3/2021,Noreste,01JCVGPKFD6X58VCKDJ6FTN1BX
35.2,36.8,96.9,1297.86,1074.7,16.3,snowy,4/20/2022,Suroeste,01JCVGPKYE3EJCAC586YP22H53
15.5,5.5,66.0,398.79,1028.2,17.3,rainy,6/30/2022,Oeste,01JCVGPKPT9HEYGVMG6JPJBYQS
40.4,53.9,61.8,797.7,970.1,18.7,rainy,4/26/2022,Suroeste,01JCVGPK7NK96KR7AHG7S8R1MG
4.5,81.3,107.0,508.83,1061.1,2.5,rainy,3/24/2022,Oeste,01JCVGPK9QH33BX20J9GJBG1W8
35.0,13.8,0.2,584.04,944.1,5.9,sunny,11/13/2022,Sureste,01JCVGPM15H892QZT5BJ6SP8NP
13.2,43.1,53.1,1032.97,972.6,0.8,sunny,2/18/2021,Oeste,01JCVGPKX844EPJH6ZT1NGA8M8
31.2,78.4,50.7,27.71,1042.2,18.1,rainy,9/21/2022,Noroeste,01JCVGPKNCA3EKXGMA9KVXVXK5
21.9,47.2,64.3,1081.34,1089.8,12.5,sunny,1/18/2021,Noroeste,01JCVGPK04AE8JH9F0Z18PD5AN
22.9,76.0,18.8,543.47,1080.9,10.5,cloudy,11/26/2021,Noroeste,01JCVGPKXCZPVPHVKK2C7Q0B2N
14.0,11.8,91.9,969.72,1046.6,2.3,snowy,4/26/2021,Sureste,01JCVGPKPCQYZ30P7NKMZ0XG1Z
26.9,0.9,20.3,461.7,965.3,11.8,rainy,1/28/2022,Norte,01JCVGPKKERNKZ1NRS3850PCT5
34.0,45.2,98.1,757.14,960.9,19.2,rainy,4/4/2022,Norte,01JCVGPK3V0CQW8AQX4Y2QNC4K
39.0,56.5,72.4,1098.59,1094.4,16.6,sunny,12/26/2021,Este,01JCVGPKHAJ3Q6V8SYJ0DAQJDR
1.8,77.5,105.1,808.77,969.0,9.0,cloudy,10/31/2021,Este,01JCVGPKYB55KEBR1SV9T7VVK1
-0.8,77.5,114.7,1008.51,1081.6,18.7,rainy,7/15/2021,Noreste,01JCVGPKWE8AFSH2M0KFM8J6GF
42.8,87.4,46.8,644.72,1069.9,9.4,cloudy,6/1/2022,Sureste,01JCVGPKGZFCQYMY4SSC9Q7KGX
28.8,11.4,106.8,127.78,999.0,5.6,sunny,2/7/2021,Sur,01JCVGPKSM9HM1FNK1H0BEJY7E
13.8,85.9,96.6,684.97,947.7,11.7,cloudy,12/3/2022,Suroeste,01JCVGPK0WEFM0RVC1SV907F7S
21.4,71.0,104.1,1113.41,1070.6,11.2,snowy,5/29/2022,Noreste,01JCVGPKTPXXER2X8ZZPQ0SBTC
26.5,60.6,61.6,972.01,975.3,18.7,rainy,5/15/2022,Sureste,01JCVGPK5QM3J2VMT8DFFQV914
12.7,18.8,46.0,572.95,1082.4,11.0,sunny,3/27/2022,Suroeste,01JCVGPK4TYVHDPQP4Z25G4D8D
38.7,33.9,25.3,534.49,959.1,10.7,snowy,9/23/2022,Oeste,01JCVGPK04AE8JH9F0Z18PD5AN
24.5,1.7,64.9,732.82,1052.0,14.3,cloudy,11/27/2022,Norte,01JCVGPKN04FWT7PAFGQVYKNMS
-0.1,30.0,96.6,1096.5,956.9,14.4,snowy,11/3/2022,Norte,01JCVGPK4431973QD8AREFQZPS
1.1,0.4,32.0,154.86,975.5,10.1,rainy,2/21/2021,Sur,01JCVGPK7NK96KR7AHG7S8R1MG
20.8,53.6,112.2,1028.59,1057.0,3.3,cloudy,2/25/2022,Este,01JCVGPKWVF8MVT9D7S3AMA04S
29.0,64.9,46.4,704.9,1048.2,20.0,rainy,1/28/2022,Este,01JCVGPKM6K33K8XP8213H573T
19.8,95.3,0.1,865.73,1034.9,17.5,cloudy,9/7/2021,Noreste,01JCVGPKSC9HK5A22GXFGRXZMX
4.2,93.6,112.3,338.06,984.1,0.6,cloudy,4/6/2021,Noreste,01JCVGPKCM7AHF3A8RQNMB0PWS
-1.1,52.7,107.2,410.23,957.7,6.8,sunny,8/7/2022,Oeste,01JCVGPKXW9241ZJM8HB2JB8JZ
11.3,37.8,17.0,310.07,924.0,14.4,cloudy,6/17/2021,Norte,01JCVGPK067SQ7BXGTD0C3SR8D
2.5,57.4,80.5,1180.16,998.5,19.9,snowy,11/12/2022,Este,01JCVGPM23SPZ90N3DJ23PYZA5
19.8,67.7,35.0,420.63,954.1,10.8,sunny,1/29/2021,Suroeste,01JCVGPKW342BVRHZPYQAKBJZ9
11.9,10.7,117.8,517.72,957.3,8.9,rainy,11/10/2021,Noreste,01JCVGPK3V0CQW8AQX4Y2QNC4K
34.0,12.2,86.9,587.1,980.6,11.1,sunny,3/2/2021,Sur,01JCVGPJZQSBV5KKCR13M4GWKE
15.7,35.7,61.5,1338.82,950.9,7.7,rainy,5/6/2021,Norte,01JCVGPKW5J3CX512VQWF8GPGZ
-0.3,0.6,10.6,603.63,1089.0,18.9,snowy,10/7/2021,Este,01JCVGPKA4VPF6KA5FCEV1PJ0K
39.9,68.9,98.8,1240.18,1081.7,19.4,cloudy,11/6/2021,Sureste,01JCVGPKRB8CBBPW7X5RYXMH76
-0.6,22.8,72.7,1353.48,982.7,8.3,rainy,10/14/2021,Suroeste,01JCVGPKDNW0A8RXG44HK0EM7N
-0.8,55.6,102.8,140.48,1005.3,9.5,cloudy,12/27/2022,Oeste,01JCVGPKZDZS2N8MDKAMMD41R9
16.6,4.0,37.9,531.18,986.9,18.8,snowy,5/7/2021,Oeste,01JCVGPKECH0G2FEFEW4GJEPQW
-1.5,69.6,50.7,1324.38,1021.7,18.3,snowy,11/6/2021,Norte,01JCVGPM18V4VXESF8NG5930G0
33.6,19.2,30.2,663.23,1033.2,9.7,sunny,2/21/2021,Sur,01JCVGPK1CD5NQHBJPTNCSQSXV
-0.2,40.8,48.4,1244.8,985.5,1.6,cloudy,9/18/2022,Suroeste,01JCVGPKY1367ZRSEKGGT4J3YX
23.8,27.8,110.6,1115.73,935.0,3.1,snowy,7/23/2022,Suroeste,01JCVGPM0PXCKCGXN7X3GS0BMH
26.7,13.9,32.7,1068.87,977.0,5.6,sunny,6/14/2022,Noroeste,01JCVGPK6AF017KZMFPJHJZD14
23.6,34.4,80.0,802.27,973.3,5.5,cloudy,5/12/2022,Noroeste,01JCVGPK4BKRA6A8MBSBQ2QV1H
15.6,89.1,34.6,433.83,1049.8,4.0,cloudy,11/5/2021,Noreste,01JCVGPKRF7NBV6VXRPXDZFFB0
16.9,8.9,18.5,306.54,1086.1,14.5,snowy,12/6/2021,Suroeste,01JCVGPKRN0RF5FMFR34A9M4YR
20.5,37.1,41.8,1393.4,1036.9,13.7,sunny,2/14/2022,Este,01JCVGPM0BCJY66TEV8ACGSW2W
21.8,49.8,37.9,89.55,1073.3,7.2,sunny,8/8/2022,Sureste,01JCVGPKX6MN4ZC70J0M86K26Z
15.8,85.0,104.6,493.98,1079.4,5.6,sunny,3/14/2021,Sur,01JCVGPKF6S8ZND5KC8BTNJQQD
38.0,8.9,90.3,1020.23,932.6,14.8,rainy,4/3/2022,Sur,01JCVGPK6T3AQCSEM2VQNWY882
29.1,74.3,44.3,345.5,929.0,19.6,snowy,6/5/2021,Sur,01JCVGPKZFF3JDN9EG9MEEHHB6
29.6,27.1,3.5,1041.78,1055.4,19.3,snowy,2/13/2021,Sureste,01JCVGPKZ2DSQ7CA7D6VRZPTCS
3.2,12.7,46.2,247.61,909.0,2.4,snowy,6/5/2022,Noroeste,01JCVGPK8TA1HJZF6GZ721Y93G
12.5,77.3,16.8,103.42,959.8,13.8,snowy,3/10/2022,Noroeste,01JCVGPK7Q5MJ90477WCQE408A
12.1,11.6,108.9,353.02,1083.2,6.7,sunny,5/12/2022,Norte,01JCVGPM1S4RJBKPDKV6F80XDY
41.3,52.4,53.7,446.26,905.9,1.9,cloudy,4/19/2021,Norte,01JCVGPKTQBGQFQ15235ZZZY0V
15.4,41.5,107.7,491.2,913.8,8.5,sunny,5/4/2021,Noroeste,01JCVGPKNJ18YP18FYRJ04NY8N
0.5,86.2,74.6,375.54,917.4,12.8,sunny,5/13/2021,Noroeste,01JCVGPKWDQ1GSTA87M0P076NP
5.4,51.0,113.6,1340.06,995.1,6.3,sunny,3/19/2022,Noreste,01JCVGPM19ZZ15YPRVNDAPZVNF
38.3,72.3,89.4,180.7,959.8,18.9,sunny,11/25/2022,Suroeste,01JCVGPKPJJDQ65FK9QJ0W4AE8
30.2,31.5,67.6,1288.23,901.5,5.0,rainy,7/31/2022,Suroeste,01JCVGPK491AP9AZD73A23D9Q9
11.8,62.5,27.7,282.96,908.0,16.2,snowy,1/6/2022,Noreste,01JCVGPK0QRXMPWNTYZXZG8KSZ
5.3,71.9,14.1,810.3,926.3,10.3,cloudy,8/23/2022,Oeste,01JCVGPKHB6QYGC569HM532C7P
11.7,73.4,77.1,529.63,1072.7,19.7,rainy,2/25/2021,Norte,01JCVGPK9TDFMNT1CK592PK91E
19.1,42.3,89.0,232.05,965.6,18.8,rainy,10/18/2021,Oeste,01JCVGPKFR3AQ07MHTS1P40S2Q
26.4,11.3,2.4,1315.58,906.5,13.0,sunny,4/24/2022,Sureste,01JCVGPKSYBZPP57YNY63KXJ6W
39.6,52.6,96.4,123.45,1038.1,12.9,cloudy,9/3/2022,Sureste,01JCVGPKQ8QPYNH6ESBTACCM19
18.3,19.1,20.1,844.72,1022.2,1.7,sunny,4/22/2022,Este,01JCVGPKT70SASV43QGMVX9JC5
18.6,1.0,47.6,82.77,1027.6,15.5,snowy,4/12/2022,Sureste,01JCVGPKX4SJ1RH0RZZKC9SEYE
8.5,90.4,24.4,63.96,901.7,0.6,snowy,2/8/2021,Noreste,01JCVGPKH9EZX3REQR0CAW1JYG
23.6,54.3,117.3,98.15,1075.1,17.6,cloudy,10/9/2021,Suroeste,01JCVGPKMM29P9WXC3WV67WGHB
18.2,16.1,0.5,757.31,967.9,13.1,cloudy,3/9/2022,Noroeste,01JCVGPM112YXNGTFCE1B8S38H
42.5,36.5,62.6,1234.68,968.2,8.6,rainy,9/7/2021,Sur,01JCVGPKDXJD1P4AMZM0XXGYSB
8.6,94.7,40.4,1348.73,1071.2,19.3,rainy,6/8/2022,Suroeste,01JCVGPJY93QDYBJ0EV2FXKAAB
31.5,49.1,58.6,165.75,1051.8,5.5,cloudy,8/5/2021,Sureste,01JCVGPKKFADQRZEDKH8H8M77Q
27.7,14.4,53.4,1154.72,1056.3,6.8,cloudy,7/11/2022,Suroeste,01JCVGPKY69JRR7V79QF2WJWD3
14.6,88.3,21.5,848.89,966.0,10.6,cloudy,3/10/2021,Sur,01JCVGPKEGQANWEH8VA26AJNJA
6.4,55.0,108.3,859.1,912.2,6.0,sunny,8/2/2022,Noreste,01JCVGPKHTTYKXHR30ZP2EYMZV
26.4,40.5,88.3,733.53,1084.3,8.1,cloudy,3/13/2021,Norte,01JCVGPKTF1CF07YPW9GNDZCM6
9.1,36.4,1.1,1104.89,983.5,8.6,snowy,2/28/2022,Suroeste,01JCVGPK72H6A5SSGRRF40M25K
-0.6,57.4,84.6,847.57,959.6,12.5,snowy,10/2/2021,Sureste,01JCVGPKTF1CF07YPW9GNDZCM6
9.2,62.2,6.9,1093.03,1068.9,19.7,sunny,9/9/2022,Sureste,01JCVGPJYDM9C41N3B27YRGP9N
41.8,8.4,60.2,665.15,1095.3,2.7,snowy,10/26/2021,Noreste,01JCVGPK97S6AGVC9CFBM7924M
35.0,19.2,54.5,553.6,934.9,14.5,sunny,6/28/2021,Oeste,01JCVGPKRSNV0XEW69KZBM1PPG
21.2,76.0,116.1,1329.69,903.2,0.4,sunny,12/11/2022,Sureste,01JCVGPKZAD1W8RADWMT3KQ94P
27.2,45.6,82.5,907.16,1062.8,17.8,rainy,10/1/2021,Suroeste,01JCVGPK6BXMJKQWVVAQVQ7X3V
18.4,13.4,100.2,416.17,936.6,17.5,sunny,6/20/2021,Este,01JCVGPJYXTQWVHXKRA2C5KNZP
39.6,80.8,0.9,733.7,1072.8,4.1,cloudy,12/18/2022,Suroeste,01JCVGPKAKXMDQ000VNCZJWCE9
34.5,57.6,101.0,1159.18,1002.0,5.4,sunny,11/21/2021,Noreste,01JCVGPKZR67J7G1F3PDAEVZE8
33.5,39.0,1.6,786.35,1052.0,5.8,rainy,8/8/2021,Sur,01JCVGPKZXE69KPCX08V1M31T9
34.5,97.5,71.0,1014.23,997.9,5.2,rainy,11/8/2022,Noreste,01JCVGPKHY7ET7XKT6SE15Y560
39.5,97.0,93.9,489.32,1082.4,1.4,rainy,12/25/2021,Norte,01JCVGPKPJJDQ65FK9QJ0W4AE8
6.5,72.6,9.6,304.75,1064.5,18.5,cloudy,7/15/2021,Sur,01JCVGPKZAD1W8RADWMT3KQ94P
35.8,17.3,83.4,28.61,1010.8,4.7,snowy,5/1/2021,Sur,01JCVGPKBPH6AK5BQZ4XTNYPQ1
4.1,18.5,80.8,903.35,1082.0,0.6,rainy,6/4/2021,Noroeste,01JCVGPKS7WJ09PR8D8D9SEN2A
38.8,61.1,99.0,463.6,929.7,10.9,sunny,10/10/2021,Norte,01JCVGPK15PMGGBZ38FFM8ZRV0
-0.8,16.5,34.3,485.07,925.6,18.6,cloudy,4/16/2022,Noreste,01JCVGPK0NNW63V6BEHSAT5CSC
7.8,91.9,84.8,530.29,999.3,18.9,sunny,6/5/2022,Suroeste,01JCVGPKZ6FNWEEBJDNA4JDXN1
32.1,66.7,74.6,1216.11,919.0,2.8,cloudy,5/11/2022,Oeste,01JCVGPK7YGD969EFYSMEZPE8T
43.2,50.8,42.1,1127.5,946.1,8.2,rainy,5/31/2021,Sur,01JCVGPKF2Y8BQFAZESCFM8J4T
13.9,46.7,51.9,825.1,1048.8,9.6,rainy,1/23/2021,Norte,01JCVGPJZ82884VQM6FEF3WW11
35.9,59.4,110.1,671.47,1029.7,14.4,sunny,9/24/2022,Noroeste,01JCVGPJZ2HX5HY6147N7B4RTS
43.4,48.6,98.3,245.18,1065.1,19.0,rainy,10/29/2021,Noreste,01JCVGPKTBXVFGPXPCZJS7163Z
42.4,55.8,10.3,522.39,968.5,2.1,snowy,12/21/2021,Sur,01JCVGPKYSM6WBXF91J93S4RNE
23.0,14.8,97.4,1318.84,1041.9,2.1,cloudy,6/5/2022,Noreste,01JCVGPKFJ6VTWCVG356T9RDDJ
30.9,6.7,82.4,1150.1,934.1,9.6,sunny,8/30/2021,Este,01JCVGPKCWEKEKVYZ4RJ70VJJ3
27.8,46.5,55.1,1222.29,910.5,7.0,snowy,7/27/2022,Noroeste,01JCVGPKH4SNM3WJPSSHAK2HS5
-1.5,5.6,34.4,54.52,1018.7,13.8,rainy,12/2/2022,Norte,01JCVGPJZSXWBC63A0Z3BE1FE8
39.0,42.5,109.3,649.44,1080.0,5.6,snowy,9/5/2021,Noreste,01JCVGPKDM03YM707KPH2DEHMS
17.4,53.6,108.9,292.07,931.6,1.1,snowy,6/12/2021,Suroeste,01JCVGPKEV0Q6ZYJYV9G828XF7
26.3,64.2,115.7,66.37,902.4,14.0,sunny,2/5/2021,Noreste,01JCVGPKH78N6FHKAC0367ERXC
31.8,20.1,86.0,71.22,911.2,8.4,sunny,2/14/2021,Noreste,01JCVGPKN04FWT7PAFGQVYKNMS
23.1,65.8,52.3,872.92,1072.4,5.5,cloudy,12/5/2021,Noroeste,01JCVGPK4P16AXWDGYBHA5J44A
21.8,57.9,40.6,847.47,1052.3,19.5,snowy,6/24/2021,Noreste,01JCVGPKQ77YXZS41DHQ92VN37
17.1,10.3,42.8,402.77,1006.0,7.9,cloudy,7/7/2021,Suroeste,01JCVGPK3STKDDQYR2W980H169
33.9,30.7,12.2,474.07,1057.4,14.2,cloudy,3/2/2021,Noreste,01JCVGPKVR8HY5CATTJX4WX5Y0
1.3,46.4,90.8,754.21,1049.4,6.9,rainy,9/20/2021,Este,01JCVGPK62YXJVWWCE497XCN0V
1.4,24.2,86.7,87.03,969.2,4.6,cloudy,7/7/2022,Noroeste,01JCVGPKNAN9DNJZ1VZYTZZ459
33.1,39.9,116.6,831.45,924.9,10.4,snowy,10/11/2022,Noreste,01JCVGPKMP1NH8M4NTPE5F4WKC
9.9,76.0,86.0,176.69,1036.5,1.7,snowy,9/4/2022,Noroeste,01JCVGPKZR67J7G1F3PDAEVZE8
-1.1,9.8,58.5,951.85,997.9,3.3,sunny,6/12/2021,Noreste,01JCVGPKC0EB7PJNHM4J6GB22P
17.3,69.3,56.6,1286.75,981.8,9.1,sunny,5/8/2021,Sureste,01JCVGPKMZ842T6KDCGV0MWXWS
18.9,56.4,94.3,340.03,988.6,13.9,sunny,12/7/2022,Noreste,01JCVGPK48E3ZK2QXJ7QBS6VGZ
26.4,2.8,110.2,195.14,904.1,0.0,snowy,10/3/2022,Norte,01JCVGPKFT94B017PT91GVA0PM
5.9,33.8,105.7,254.67,1092.1,7.3,sunny,5/14/2022,Sur,01JCVGPK1MTTAAZHBKFK223TDZ
19.6,93.8,75.2,1299.22,937.5,18.0,cloudy,3/14/2021,Suroeste,01JCVGPKFR3AQ07MHTS1P40S2Q
9.8,62.4,119.2,899.03,1098.0,6.0,cloudy,1/13/2021,Norte,01JCVGPKWN3EWGQ2XWN2609AB4
26.8,60.0,37.4,1224.43,999.7,4.9,rainy,10/4/2021,Sur,01JCVGPK77GPFFW3E34269Q4DN
22.5,29.2,72.5,722.29,971.4,5.5,rainy,8/11/2022,Este,01JCVGPK7JQZCS1P8T3Z3Z87S8
39.9,43.1,71.5,1250.3,962.8,18.7,rainy,7/17/2021,Oeste,01JCVGPKP9Q9YHJPPP0W49JCAD
2.6,44.3,31.3,297.6,1019.9,8.5,sunny,10/21/2021,Norte,01JCVGPKZGRYEMKR7CTPJ8XJH4
2.0,52.0,17.3,535.35,1044.1,8.3,sunny,3/25/2021,Este,01JCVGPK3XARFCH1M93F961XB4
-1.5,60.2,81.7,1393.4,941.1,9.8,rainy,3/3/2021,Noroeste,01JCVGPKT3GWX2F4KN9GDT8ZFP
35.1,15.0,76.4,559.09,901.0,0.4,snowy,12/26/2021,Sur,01JCVGPK92AANJTMK87W7CBVGQ
24.7,38.2,80.5,1038.14,933.3,9.6,cloudy,8/31/2021,Sureste,01JCVGPM146QAAQQ0NKM4YESNX
32.6,17.6,112.7,849.45,938.8,9.7,rainy,2/17/2021,Suroeste,01JCVGPKX24FC0K06GCEBN227S
28.4,46.6,20.0,1157.36,916.2,5.4,sunny,8/9/2021,Norte,01JCVGPK7REAV9Q17HD0YM0R4E
18.0,44.1,109.2,692.45,914.1,15.4,sunny,3/2/2022,Norte,01JCVGPKGVWJ6FCMVWS89H5A7V
23.6,99.7,30.0,1254.07,1049.1,11.8,sunny,7/19/2021,Norte,01JCVGPKM7VWSD042AKGH2DHF9
4.7,27.0,46.1,835.91,1029.2,18.2,rainy,2/23/2022,Este,01JCVGPJYBZCRH99A51HQ9PCCK
21.2,13.0,66.0,1233.54,965.3,17.3,sunny,6/11/2022,Oeste,01JCVGPKW1XWT5BWJR22YVHV7W
26.0,95.5,99.3,1209.95,983.4,8.2,sunny,11/2/2022,Sur,01JCVGPK8PFVBQHM6NGQT09AD4
31.3,18.3,55.8,801.16,949.7,18.0,rainy,10/31/2021,Este,01JCVGPK6P09D7548GXJZSH8EH
41.8,49.6,97.4,993.14,977.2,7.6,cloudy,11/10/2021,Oeste,01JCVGPKX6EX263GWFAJC9HJ0H
34.6,71.0,0.0,907.22,1088.8,4.0,snowy,6/19/2021,Suroeste,01JCVGPM0R9K3DP865F4QRYB6T
11.2,92.3,24.0,1180.47,1098.8,11.5,sunny,4/21/2021,Noreste,01JCVGPKMM29P9WXC3WV67WGHB
31.6,25.5,74.9,10.04,984.5,15.5,rainy,4/11/2022,Este,01JCVGPKM25ZTS8AQ9MVNGAF4K
36.6,5.8,25.9,485.48,900.8,14.1,cloudy,12/16/2022,Sureste,01JCVGPK15R3V5DXRBRD3DZ7G0
7.3,72.2,96.8,463.48,1026.6,3.7,rainy,8/2/2021,Noroeste,01JCVGPKE2KXX18ZDS7X7N08ZN
12.6,74.3,117.9,728.13,906.4,4.0,sunny,8/4/2021,Sur,01JCVGPKYDPPW7HCQH3FZG5S9Y
30.0,35.6,63.0,1221.04,988.8,6.3,snowy,5/19/2021,Norte,01JCVGPKH3FNNMZ3SKSEGDSKKY
34.0,69.7,36.0,727.93,1062.6,16.2,snowy,8/19/2021,Oeste,01JCVGPK47M2MG3DA25VM56DZH
10.5,26.7,112.6,345.26,965.5,1.9,cloudy,3/3/2021,Norte,01JCVGPKY99BEVCRVTNDYMQQGX
10.1,7.1,98.2,882.36,1079.1,7.8,cloudy,11/1/2022,Sur,01JCVGPKG94H9K75XARPRCCDWK
34.7,21.0,61.2,429.4,985.3,14.0,snowy,6/6/2022,Noroeste,01JCVGPKHWGXR521SCC8J7RFG8
35.0,54.5,104.7,287.93,925.1,15.3,cloudy,9/18/2022,Sur,01JCVGPK15R3V5DXRBRD3DZ7G0
14.4,44.2,56.4,65.22,1000.8,3.6,snowy,6/9/2021,Norte,01JCVGPKZAWXG3ESW8022TZWMC
22.1,21.6,5.2,1257.66,1032.9,12.6,snowy,1/25/2022,Suroeste,01JCVGPKK8SGQ5AQQMKKBW2FCB
0.5,12.2,76.3,789.72,985.3,0.6,snowy,8/24/2021,Sureste,01JCVGPKW2ANZZ3FC9NWDXSE63
26.6,93.9,29.6,162.26,1051.6,13.7,sunny,5/13/2021,Este,01JCVGPKZDZS2N8MDKAMMD41R9
32.3,3.9,69.1,92.17,1050.7,5.4,rainy,11/13/2021,Noroeste,01JCVGPK4BKRA6A8MBSBQ2QV1H
2.2,82.1,91.4,1179.44,1010.9,15.0,rainy,10/4/2022,Sureste,01JCVGPK7REAV9Q17HD0YM0R4E
40.6,85.3,97.8,586.75,906.6,14.5,sunny,3/9/2022,Noroeste,01JCVGPKYWX5QSK2JKA2K1KBHJ
35.1,65.6,106.8,757.33,912.0,17.1,rainy,5/21/2022,Suroeste,01JCVGPK8Q8QHTV15M2X4Y6V4K
-1.9,96.2,108.4,754.79,948.3,4.9,cloudy,5/27/2022,Suroeste,01JCVGPK6GMA29VQNBPHVEW636
39.6,5.9,109.5,695.07,976.6,13.5,rainy,10/28/2021,Sureste,01JCVGPKQ3T0WWRF3Y8ZATA3F2
11.9,10.5,115.4,1216.29,958.3,12.3,rainy,7/23/2022,Sur,01JCVGPK7REAV9Q17HD0YM0R4E
7.7,65.1,108.3,1127.73,1069.0,6.7,rainy,10/19/2021,Sur,01JCVGPK8S0QQ7671AHRPG1WBQ
-0.8,30.2,78.0,605.71,906.3,19.8,snowy,3/14/2022,Sureste,01JCVGPM282YY0123AHKDKGNGA
16.6,80.1,63.9,816.47,1047.9,5.8,snowy,9/17/2021,Noroeste,01JCVGPJZ9SS5HJV5FNYX89ZD4
40.6,24.9,97.6,29.45,1063.8,19.5,rainy,11/24/2021,Noreste,01JCVGPKH5QBJZ05AP155KH62P
41.6,54.5,67.6,943.51,959.9,4.7,cloudy,12/7/2021,Oeste,01JCVGPKW6B1SFY9GXX48HZBP2
21.0,22.7,58.8,1297.64,926.9,14.1,sunny,1/26/2022,Oeste,01JCVGPK52QJBKXZPJW97874FF
21.7,88.3,88.2,171.16,977.7,12.3,snowy,10/26/2022,Noreste,01JCVGPK92AANJTMK87W7CBVGQ
4.7,59.1,38.7,902.46,1092.5,7.5,cloudy,12/23/2021,Noreste,01JCVGPKQTDVQ2JC4PSRRH3XFE
7.0,20.2,33.7,750.73,1046.3,14.7,sunny,8/4/2022,Sur,01JCVGPM1S4RJBKPDKV6F80XDY
12.2,61.2,53.6,487.2,1085.5,15.4,sunny,7/1/2022,Norte,01JCVGPKCFB5DM948EEX10GWB4
38.5,87.7,87.9,1103.13,1044.4,2.3,sunny,12/8/2022,Norte,01JCVGPM1V5SK4VQBKXSFQ12CS
0.8,99.3,94.6,777.38,1031.1,17.4,sunny,3/17/2022,Norte,01JCVGPJZ0AZRGV50T85771CPV
10.9,42.3,59.4,1215.1,953.5,19.5,cloudy,9/20/2022,Oeste,01JCVGPKECH0G2FEFEW4GJEPQW
37.3,47.7,2.2,1263.89,1061.4,3.9,cloudy,10/20/2022,Noroeste,01JCVGPM2ANG22JTGW8VY19FAA
2.7,56.1,64.3,403.76,964.8,18.5,snowy,7/23/2021,Sureste,01JCVGPKRWEWK9M5N6CW95Q2QT
13.1,5.9,69.4,218.07,1005.8,9.5,cloudy,12/29/2022,Sureste,01JCVGPKHSKT717ZAJFJ1ZKXJF
41.7,93.7,79.0,1351.07,1021.2,12.0,snowy,12/8/2021,Este,01JCVGPKVVRR3163ZBV27CJYC1
29.8,20.2,22.2,1165.72,994.1,10.1,rainy,8/13/2022,Noreste,01JCVGPK837HXPDCQ2DC1WE05E
36.9,93.6,80.8,1143.94,1002.4,1.5,cloudy,11/30/2021,Norte,01JCVGPK6BXMJKQWVVAQVQ7X3V
43.0,21.5,118.1,1215.61,968.7,17.0,sunny,7/19/2021,Noroeste,01JCVGPKHJ4TPP41PYBJ9Y8DBY
43.7,91.2,110.9,1110.96,1051.6,7.5,cloudy,7/14/2021,Noroeste,01JCVGPK72H6A5SSGRRF40M25K
8.5,11.0,68.3,1347.41,986.3,0.0,cloudy,1/31/2022,Norte,01JCVGPKDCZFFYWCQ07FJ2J2EV
8.1,37.0,111.1,593.35,954.4,9.1,cloudy,9/7/2021,Noroeste,01JCVGPK4KABMAV0RZEVJABDJM
34.3,35.7,14.0,412.44,1055.9,14.4,rainy,10/2/2022,Noreste,01JCVGPKFR6GMVS09CXDSWBXGF
36.8,44.2,22.5,141.83,1046.8,1.0,snowy,8/13/2022,Oeste,01JCVGPKGH0XYTREDH3X93TS48
26.7,69.2,116.8,616.99,1049.9,17.1,sunny,3/7/2021,Suroeste,01JCVGPKEEY2V8EF0K93TR7PS0
22.0,35.0,34.6,1151.8,1085.1,16.8,cloudy,9/30/2021,Suroeste,01JCVGPKDCZFFYWCQ07FJ2J2EV
16.7,12.1,96.2,904.21,1085.3,17.7,cloudy,3/11/2022,Suroeste,01JCVGPJYMNFA8NSGSWCQKC63Q
39.8,96.2,94.2,653.85,1056.8,13.6,sunny,6/27/2022,Norte,01JCVGPKKACEFN0ZX2FDDNBD7A
12.7,49.3,36.7,74.83,948.8,8.3,cloudy,5/24/2022,Noroeste,01JCVGPKDCZFFYWCQ07FJ2J2EV
6.7,72.4,113.5,851.39,931.9,2.8,sunny,4/25/2022,Suroeste,01JCVGPKPXCVVERDJ9WP3J1BYC
9.5,49.9,115.3,742.28,1082.3,13.0,cloudy,11/9/2021,Sur,01JCVGPKRN0RF5FMFR34A9M4YR
23.8,94.3,28.5,1205.44,913.8,5.3,cloudy,6/12/2022,Oeste,01JCVGPKQEKYZHMZE5QJNH2PK7
5.8,8.3,3.4,978.68,1091.9,3.0,snowy,3/8/2022,Oeste,01JCVGPK8TA1HJZF6GZ721Y93G
25.8,92.4,53.0,183.08,975.9,19.6,rainy,7/28/2022,Oeste,01JCVGPK4QXJ10N0KVMBM6S64G
34.0,70.4,86.4,18.05,900.8,5.5,sunny,1/27/2021,Sureste,01JCVGPKVKQQBTVB3VX8YVN0S6
29.5,56.4,71.3,139.78,989.2,1.9,sunny,1/25/2021,Noroeste,01JCVGPKH5QBJZ05AP155KH62P
43.9,59.6,84.5,1367.99,987.0,11.2,cloudy,8/23/2022,Sureste,01JCVGPK89AQQ179957RD8VG4E
19.1,77.4,44.2,830.43,1070.1,9.1,cloudy,8/22/2021,Oeste,01JCVGPK146VDTQWP3GPH3TXGA
35.5,24.0,16.3,680.51,967.0,12.2,cloudy,2/6/2021,Oeste,01JCVGPK7ZD5KWXEF66QW6MHM8
19.0,35.8,92.4,829.88,1013.4,10.6,snowy,6/17/2021,Suroeste,01JCVGPM0K4AVKN6HH8CAPTYBA
13.4,24.6,29.0,1352.88,1088.4,2.0,rainy,2/23/2021,Sureste,01JCVGPK7G7MEGS56KX467BW9N
33.0,55.5,8.2,497.15,966.7,9.5,sunny,10/25/2022,Noreste,01JCVGPKE3ADY8W5KBYNH0VV5C
5.6,45.2,5.4,121.67,990.5,12.1,cloudy,6/30/2022,Oeste,01JCVGPKP6KTPBGHGVQW5NQY43
19.2,39.8,93.4,633.55,1073.0,5.2,snowy,7/25/2022,Suroeste,01JCVGPKEEY2V8EF0K93TR7PS0
8.2,52.0,28.5,1301.67,911.7,13.3,snowy,12/10/2021,Sur,01JCVGPKZAD1W8RADWMT3KQ94P
41.8,74.9,13.1,1060.08,1006.1,5.7,sunny,8/17/2021,Este,01JCVGPK4YXGHFHCKYKZGYCMZV
29.6,77.8,49.0,736.26,1084.9,14.0,sunny,10/3/2022,Suroeste,01JCVGPKPQT0VGS64F95V3X732
18.6,84.1,94.1,41.85,947.3,11.9,sunny,2/4/2021,Sur,01JCVGPKW9N06X70GMTWDZCMDN
36.2,44.8,36.6,1368.09,1025.0,19.7,cloudy,11/10/2022,Sureste,01JCVGPK0XA7SW0AETGEEMMH1K
1.3,31.7,41.0,1109.67,1069.3,8.1,cloudy,1/30/2022,Noreste,01JCVGPKB13MSXYK8EJNZNDA3R
-1.6,33.0,43.3,639.59,1077.7,5.8,cloudy,11/9/2021,Sur,01JCVGPJZFJJR89XNBS8ZEXT84
4.8,6.0,58.4,735.18,1035.8,0.8,cloudy,11/30/2022,Sur,01JCVGPKSHHRHXV0GHP6B9KYX4
30.6,66.3,25.6,954.42,1066.0,13.0,sunny,7/28/2022,Suroeste,01JCVGPKRR004WSKZ1XMVE979H
29.9,56.8,111.1,597.61,978.5,18.3,rainy,9/30/2021,Noroeste,01JCVGPKFJE0GGH0NYYY01DHZD
11.9,28.0,61.4,643.17,952.8,15.4,sunny,6/18/2021,Norte,01JCVGPKA6VYDC0KV6KDA0G9QR
15.1,26.6,4.0,292.78,999.3,17.9,sunny,4/5/2022,Noroeste,01JCVGPK13VRS85Y4FDRAPPAPS
14.3,25.5,17.5,648.05,1097.4,5.5,snowy,10/16/2021,Sur,01JCVGPKMF76FQ9G87GRG9MP10
9.3,44.5,71.0,724.41,1064.8,2.1,snowy,9/23/2022,Norte,01JCVGPKBBSH19XNBDJ83RJW3T
32.1,10.5,107.5,1210.42,1095.2,11.4,snowy,2/26/2022,Este,01JCVGPKVADMPN4F20462WF29F
39.1,64.9,29.4,383.21,958.4,8.7,sunny,7/9/2021,Suroeste,01JCVGPM22ZEFG7D979X5KR7EF
4.1,28.1,5.1,1074.63,1054.4,10.8,sunny,9/5/2022,Oeste,01JCVGPKA95JQMYT5GZYNA88CJ
25.4,52.7,7.6,3.63,1004.9,14.5,snowy,8/25/2021,Suroeste,01JCVGPKYJFXECACR8MSRQA1XF
2.2,9.3,93.3,141.29,918.2,14.0,sunny,3/14/2021,Noreste,01JCVGPKJ0AZXEMY4VYZM6DS3N
8.1,24.4,48.3,1342.42,1095.5,4.1,sunny,2/12/2022,Suroeste,01JCVGPKWYFNGJ3TKQ7B1PSXHR
1.2,89.7,48.8,396.36,921.3,13.7,rainy,1/25/2022,Suroeste,01JCVGPK8JE1R4A3TCA3V764XN
-1.7,23.0,109.5,107.55,1023.1,18.9,sunny,7/7/2022,Norte,01JCVGPKCM7AHF3A8RQNMB0PWS
2.1,40.2,49.7,658.19,918.4,11.7,snowy,12/21/2021,Sureste,01JCVGPKHTTYKXHR30ZP2EYMZV
23.9,26.1,47.6,515.61,1067.4,0.4,sunny,11/9/2022,Oeste,01JCVGPM0K4AVKN6HH8CAPTYBA
26.3,25.7,82.4,1114.2,1052.0,4.4,rainy,5/15/2021,Este,01JCVGPK4BKRA6A8MBSBQ2QV1H
42.2,18.7,17.9,292.42,1009.4,16.5,cloudy,4/12/2022,Sureste,01JCVGPKWW82JV6NPGPAPRWJ8H
25.7,16.4,64.1,468.27,939.7,0.4,sunny,3/15/2021,Suroeste,01JCVGPKMZ842T6KDCGV0MWXWS
32.1,48.8,110.1,854.86,1068.4,4.0,rainy,4/24/2022,Noreste,01JCVGPJZR6WR3RM8FH9B3TYR9
27.9,7.9,67.4,1090.17,982.3,2.1,cloudy,9/18/2022,Noroeste,01JCVGPJZW9WTA4KH7XHKJSGPJ
29.9,59.3,54.4,148.21,966.1,17.3,cloudy,12/18/2022,Suroeste,01JCVGPKS7WJ09PR8D8D9SEN2A
42.6,55.0,0.0,741.13,1042.6,1.1,snowy,5/14/2021,Sureste,01JCVGPK7YGD969EFYSMEZPE8T
0.6,11.0,58.8,1097.57,969.4,1.9,sunny,5/15/2022,Norte,01JCVGPKF6S8ZND5KC8BTNJQQD
-0.2,14.1,75.9,878.77,936.9,0.3,cloudy,5/22/2021,Este,01JCVGPKQ1KMAT5RDZH5MGS1TS
14.0,3.6,21.8,976.14,1004.9,13.1,sunny,8/14/2022,Oeste,01JCVGPKGEN318A07DG367FE5Q
41.7,0.5,107.1,1295.55,1056.9,5.2,sunny,12/15/2022,Oeste,01JCVGPM0WHGZP5TZAK4EHBWGJ
43.7,46.5,104.5,1076.81,916.7,7.5,cloudy,11/10/2022,Sureste,01JCVGPKGH0XYTREDH3X93TS48
37.7,85.3,85.1,613.36,1010.2,2.5,snowy,8/28/2022,Sureste,01JCVGPKPW4T4XJ862S1T92HZS
0.7,51.8,47.1,243.1,992.8,19.0,sunny,9/25/2021,Noreste,01JCVGPM18V4VXESF8NG5930G0
32.8,11.4,70.0,287.35,1032.6,7.0,cloudy,10/11/2022,Noroeste,01JCVGPKNYKX4QE932FG7FMPF6
35.3,33.3,43.6,201.74,1050.7,17.8,cloudy,12/4/2021,Noroeste,01JCVGPK4DWD9HG7CF69YWBSAN
29.8,53.0,101.5,1235.95,912.7,3.1,cloudy,2/22/2021,Oeste,01JCVGPKESEJSTCNNQZKFCT71Q
27.1,16.1,68.8,19.13,1081.2,17.2,sunny,9/14/2022,Suroeste,01JCVGPK75MVB9HH6S6MTH2CT1
38.6,11.2,33.0,390.66,904.2,10.6,rainy,5/30/2021,Suroeste,01JCVGPK5FVAFYWKH668W9C6P6
1.2,78.8,88.9,217.99,996.3,6.1,rainy,3/25/2022,Noreste,01JCVGPKWF93Y2KS0JX55AM899
24.1,38.4,26.3,1362.81,1024.5,3.2,snowy,8/24/2022,Norte,01JCVGPK7N6GFTXDBGEW62TP5K
9.7,51.8,48.6,746.68,1077.4,5.2,cloudy,7/31/2021,Noroeste,01JCVGPKZNABECVMDK8JZ08BHM
2.0,93.3,80.5,1022.03,981.7,6.5,cloudy,3/14/2022,Sureste,01JCVGPK647B6HGHECKRCT8NS1
5.0,10.3,70.7,708.29,948.0,13.1,sunny,3/24/2022,Oeste,01JCVGPM0X9R1ZX5FJ69J50SCG
3.3,68.3,2.1,1030.53,974.1,14.4,rainy,1/17/2022,Norte,01JCVGPKZ00VAH1S9FC6HJYKAH
22.2,25.8,53.6,1182.7,1017.0,1.9,cloudy,10/22/2022,Suroeste,01JCVGPKWTGWH2MNZ9H7FAPASY
-1.3,50.5,20.4,849.07,920.0,1.6,cloudy,11/26/2022,Este,01JCVGPK6S88FJF0HACDE4S93R
42.6,90.4,35.8,777.15,1059.2,5.6,cloudy,1/28/2021,Norte,01JCVGPKE4NT1KD0ABZ95DWKCV
33.1,15.6,91.3,1386.58,957.4,11.5,sunny,6/14/2022,Noroeste,01JCVGPKFW4ZP1JTS9GDJ4DKD9
24.8,7.6,90.0,353.58,1052.1,18.4,sunny,11/20/2022,Suroeste,01JCVGPKZR67J7G1F3PDAEVZE8
5.6,25.3,44.7,742.04,917.7,15.0,cloudy,9/26/2022,Oeste,01JCVGPKRMNNPGY3CB1ZXSW7NV
14.4,55.9,18.3,14.24,972.5,7.6,snowy,2/5/2021,Noroeste,01JCVGPKJ2K65G3FFND5WT251E
36.9,88.0,73.6,443.44,904.2,18.4,sunny,9/11/2022,Norte,01JCVGPKCR9GX990NBQVF9YCCW
35.5,44.1,90.3,1265.2,1094.6,4.0,cloudy,9/27/2021,Este,01JCVGPKFJE0GGH0NYYY01DHZD
10.5,44.1,117.2,133.87,1096.7,8.0,rainy,3/8/2022,Este,01JCVGPK8RWW6Q4CXZS9QE5HP8
29.5,93.9,76.5,945.63,940.4,16.7,snowy,1/9/2022,Noreste,01JCVGPKXAQ9KNDXABNNHN04WW
28.1,0.4,40.7,478.08,1076.0,19.0,cloudy,11/10/2022,Este,01JCVGPK8MEP94NZQV4H2R9F09
5.5,41.5,70.1,496.63,1015.2,9.8,snowy,1/12/2021,Norte,01JCVGPKPAYMY8KP076XZHZB57
9.1,91.5,27.0,641.89,928.7,8.3,sunny,12/21/2021,Sur,01JCVGPKMP1NH8M4NTPE5F4WKC
6.9,57.3,56.1,1205.65,902.7,17.1,cloudy,6/8/2022,Noroeste,01JCVGPKV868KNTRJQ17TQ78HT
5.0,41.7,79.2,801.65,902.8,15.0,snowy,7/1/2022,Sureste,01JCVGPKHRG7Z5ZQP86CB34THT
23.9,55.4,114.4,1214.78,920.1,19.8,snowy,4/9/2022,Noreste,01JCVGPKAG1EWJ7AAM9Q8H4AAA
38.1,18.1,77.5,743.57,952.3,17.5,sunny,7/29/2022,Noreste,01JCVGPKEN8VR2S9FJ1Z440CNB
10.4,69.9,111.7,385.5,969.2,18.4,sunny,1/11/2021,Este,01JCVGPK48E3ZK2QXJ7QBS6VGZ
21.0,71.3,6.9,44.96,1047.4,9.3,sunny,10/29/2022,Oeste,01JCVGPK15PMGGBZ38FFM8ZRV0
-0.5,61.4,110.4,121.24,991.3,1.9,rainy,6/10/2021,Este,01JCVGPM0ENFYH6BE4JNP89XPS
2.2,23.0,115.9,354.64,951.2,19.1,sunny,4/22/2022,Oeste,01JCVGPKKFADQRZEDKH8H8M77Q
2.3,88.5,37.1,376.82,949.6,17.9,snowy,2/4/2022,Este,01JCVGPKZCKT8EQ4ZQ6TRYCM66
4.1,14.6,47.6,490.02,1009.4,19.2,snowy,11/23/2022,Noroeste,01JCVGPK7QFKAPBCKZ5DA2FGQ7
37.9,73.4,59.0,225.67,930.8,11.5,cloudy,3/2/2022,Este,01JCVGPKZ6FNWEEBJDNA4JDXN1
30.6,4.0,99.7,1364.61,1007.3,6.4,rainy,10/7/2022,Noreste,01JCVGPK77SAF3ZP8DGFZCFFY6
-1.6,20.6,83.3,94.35,1070.9,4.3,sunny,7/10/2022,Sureste,01JCVGPKAA1FC4A6ABA6YGFZ9M
5.7,56.9,11.7,424.12,954.5,9.4,rainy,6/10/2022,Sureste,01JCVGPKCQZ947FE8WXPZQREBD
19.7,15.0,65.4,51.25,1043.4,17.0,snowy,8/17/2022,Sureste,01JCVGPM0YFHRDJGRXBWZQGAQT
33.5,42.7,88.0,1075.71,1062.7,5.9,snowy,8/17/2022,Norte,01JCVGPK6HMX72P8B1YD90XTHX
23.5,77.7,63.9,472.09,1085.6,8.1,sunny,10/16/2021,Suroeste,01JCVGPKGC6ET0F6T7YDYPCJAC
34.8,2.0,69.8,603.74,932.9,15.3,sunny,5/12/2021,Norte,01JCVGPKPJJDQ65FK9QJ0W4AE8
34.7,71.2,111.8,372.42,1037.8,7.5,snowy,5/20/2021,Norte,01JCVGPM0R9K3DP865F4QRYB6T
38.5,24.7,23.5,1067.51,1032.5,14.0,sunny,7/19/2022,Este,01JCVGPKD4FSENX1PG0XHT9KXH
2.7,75.7,54.1,804.09,912.7,4.6,sunny,6/9/2021,Suroeste,01JCVGPKVP6T53BY5C3TB09MJX
33.5,40.4,57.4,1242.02,1033.0,14.0,sunny,8/1/2022,Noroeste,01JCVGPK7F60NVRAJRBZ3FTAVX
13.4,26.8,69.3,558.01,978.2,19.6,snowy,7/11/2021,Oeste,01JCVGPKZ6FNWEEBJDNA4JDXN1
6.0,77.7,20.7,3.65,957.3,12.3,sunny,2/4/2021,Este,01JCVGPK9KP4QQ2M1PCKHGRJ1Z
12.6,57.4,58.7,199.32,915.9,1.9,sunny,1/26/2021,Noroeste,01JCVGPKXSSH31XH9K1KQ7WECM
13.8,2.0,7.0,428.81,1075.1,11.8,snowy,2/27/2022,Este,01JCVGPKAM8GSDGXB2J21TZT1K
28.8,84.8,44.7,372.39,1028.7,3.8,cloudy,2/27/2022,Sureste,01JCVGPM20SGFG9YQCYCA2C81M
41.6,96.1,91.9,982.2,1097.0,1.7,cloudy,10/7/2021,Noreste,01JCVGPKZ8YY2X1TPXDS2QP9VR
43.7,54.8,77.2,405.39,966.5,8.3,snowy,4/2/2022,Oeste,01JCVGPKQSRA8DJ39S31Q7JBKC
10.4,93.1,73.3,362.56,933.8,8.9,sunny,1/12/2022,Suroeste,01JCVGPKS7WJ09PR8D8D9SEN2A
40.4,7.6,33.3,792.13,922.1,7.7,cloudy,5/4/2022,Suroeste,01JCVGPKMRRMGKDZH4G59FEH1Y
19.6,52.8,80.4,54.87,1043.6,18.5,snowy,12/29/2022,Norte,01JCVGPKTHQ91YNG11D8435Y60
19.4,27.7,15.6,205.67,948.5,18.4,rainy,2/27/2021,Noroeste,01JCVGPKD76X02WR5GQ1ACGFD2
25.8,93.5,43.1,124.0,1081.0,4.6,cloudy,8/1/2022,Oeste,01JCVGPKR3PAV95Y4G038QE41S
9.3,85.1,71.9,1057.8,987.8,11.2,rainy,1/2/2022,Sur,01JCVGPK8N3YJZGM3WYWYHA8VE
19.2,96.8,72.8,300.17,915.2,2.5,sunny,6/5/2022,Sur,01JCVGPKGEN318A07DG367FE5Q
23.0,92.9,55.2,1342.31,1007.4,7.2,snowy,8/21/2022,Noreste,01JCVGPM16X0KX8PQ0BTE7QPVX
35.6,94.2,75.6,1187.17,999.6,17.4,snowy,3/29/2022,Sur,01JCVGPKV868KNTRJQ17TQ78HT
25.3,6.6,25.2,1018.16,960.5,15.6,snowy,11/4/2022,Noroeste,01JCVGPKD89PZAH3RERNEAPF1B
-1.6,42.2,73.0,310.89,988.8,4.5,cloudy,8/8/2022,Sureste,01JCVGPK7BR32ET1Z2XC4MNJ1R
5.6,18.6,65.4,309.17,980.2,17.2,snowy,7/4/2021,Noreste,01JCVGPKVXF3WQFDAJV6J5HNVK
20.4,69.5,75.0,165.63,1063.5,2.1,snowy,1/18/2022,Sureste,01JCVGPKYVWKQMX84CC6B98BX1
41.9,93.2,61.2,1077.06,921.1,3.6,rainy,9/28/2021,Noroeste,01JCVGPKHKT5PAAVJNEZT432FK
33.9,35.7,113.2,583.14,953.7,12.7,rainy,7/13/2022,Sur,01JCVGPKFJE0GGH0NYYY01DHZD
41.2,36.1,113.5,1126.65,979.8,5.3,sunny,11/19/2021,Sur,01JCVGPKDWT2VRNYB8PCTYH0FV
16.0,6.8,111.4,1297.12,939.2,9.8,sunny,11/28/2022,Norte,01JCVGPKSW1TGYW8CRDXZNC9MM
17.1,77.6,17.8,425.83,996.8,11.2,snowy,10/4/2022,Este,01JCVGPK9C8M3MKMA4BAPM6KR9
32.8,8.6,104.7,986.69,1028.0,0.9,rainy,11/26/2022,Oeste,01JCVGPKHGSXFRPAQ5FH7MVAZA
7.9,90.0,34.9,373.93,926.3,6.3,snowy,9/18/2021,Oeste,01JCVGPJZJX015K0F851R1HYEJ
40.3,69.8,115.4,439.97,947.8,17.7,sunny,2/13/2022,Sur,01JCVGPM1S4RJBKPDKV6F80XDY
23.3,36.4,82.7,674.7,948.2,5.1,cloudy,11/11/2021,Este,01JCVGPKW6B1SFY9GXX48HZBP2
30.8,4.7,85.7,323.62,910.2,8.4,snowy,2/28/2022,Oeste,01JCVGPKVADMPN4F20462WF29F
22.0,83.4,7.4,1028.17,982.5,2.0,sunny,1/6/2022,Norte,01JCVGPKN36AAVFSH8H8SA5PAK
-1.1,52.4,71.4,1090.59,946.3,10.4,cloudy,2/8/2022,Sur,01JCVGPKPXCVVERDJ9WP3J1BYC
21.7,15.0,68.5,391.38,984.1,19.3,snowy,3/29/2021,Este,01JCVGPK514QNEWHJXWN7NZYD6
28.0,86.3,62.3,1113.09,991.8,10.8,rainy,11/12/2022,Sureste,01JCVGPKWPZQDMAKVR32QB14YR
13.5,49.9,104.3,862.93,1000.6,13.7,snowy,4/14/2021,Noreste,01JCVGPK6T2YDVBDRCYT66TD1H
1.2,93.0,76.2,1117.91,904.5,12.0,snowy,10/14/2021,Oeste,01JCVGPK07RQBMSDQRC2CHBPES
-1.7,91.3,6.5,494.69,905.1,12.1,cloudy,8/1/2022,Norte,01JCVGPKYFFXZK5YNV2R8B8ZE8
37.8,21.8,37.7,651.32,1020.7,1.2,snowy,10/7/2022,Sur,01JCVGPK082PK12JWQ22ZP0YJV
33.1,78.5,54.0,949.71,1003.0,8.6,sunny,9/24/2022,Sur,01JCVGPKGZFCQYMY4SSC9Q7KGX
25.8,66.4,103.8,1229.19,952.9,19.1,rainy,1/22/2021,Oeste,01JCVGPKYE0BG5JWJG6W6B6B48
36.7,68.5,106.9,1257.13,942.6,7.3,rainy,8/22/2021,Sur,01JCVGPKMN36TG3GMGT7EBS6NY
14.0,7.8,2.1,583.19,1039.7,19.4,cloudy,12/11/2021,Noroeste,01JCVGPKR74XZEZWFVE7D8KF4A
2.4,81.3,49.5,643.88,958.6,7.1,snowy,12/1/2021,Noroeste,01JCVGPKH9EZX3REQR0CAW1JYG
3.8,42.7,9.9,232.98,977.3,17.8,sunny,9/1/2021,Norte,01JCVGPKY48QJR2Y0J3K1XRYK5
3.0,58.6,67.6,982.39,1038.1,17.5,snowy,3/30/2021,Sur,01JCVGPK8MEP94NZQV4H2R9F09
38.3,8.0,43.9,992.96,935.3,14.0,rainy,3/25/2022,Suroeste,01JCVGPKW72MM7975S9A0HMYD9
8.8,27.5,62.8,328.08,1023.3,0.9,cloudy,7/9/2021,Oeste,01JCVGPKWVF8MVT9D7S3AMA04S
13.2,75.8,103.5,686.31,945.1,2.8,sunny,1/19/2021,Sur,01JCVGPK5BAG58F5VFRREH3283
6.4,42.3,75.4,1329.51,917.4,12.1,sunny,12/25/2022,Noroeste,01JCVGPK7F60NVRAJRBZ3FTAVX
30.0,96.9,26.5,650.27,1057.2,7.7,rainy,7/5/2021,Este,01JCVGPKAG1EWJ7AAM9Q8H4AAA
15.4,83.1,56.0,1109.92,1034.8,10.6,rainy,3/28/2022,Noreste,01JCVGPKHRG7Z5ZQP86CB34THT
10.8,21.0,35.3,1386.33,965.6,7.7,sunny,6/21/2022,Sur,01JCVGPK8EAMDW0FGHBJSW4R4S
7.9,98.3,53.5,1011.22,931.2,19.5,sunny,12/18/2021,Norte,01JCVGPKV0WNTEDR0HJHR6WPXG
24.5,22.2,101.8,28.75,1048.0,11.1,snowy,11/9/2022,Noroeste,01JCVGPKETZWZN3W0A53T4S4R2
16.3,33.5,6.0,888.21,1000.1,9.2,rainy,10/28/2021,Suroeste,01JCVGPK6NF0K6XPSMK8K5DM3Z
19.3,25.2,60.7,1255.39,1044.8,14.0,rainy,7/29/2021,Suroeste,01JCVGPKFD6X58VCKDJ6FTN1BX
37.2,51.9,53.1,709.19,1045.5,17.7,sunny,1/9/2022,Noreste,01JCVGPKTWHCBXZ9B0XG1WX0VN
36.9,10.6,53.5,502.8,939.0,18.7,cloudy,1/24/2021,Norte,01JCVGPKWZHQF4W5Z79ENVR5AT
17.4,89.0,7.5,647.18,1083.3,9.1,snowy,8/24/2022,Noreste,01JCVGPKVH59ZT7328AFHJYEB5
20.2,40.2,57.9,117.89,1009.1,9.2,snowy,9/22/2022,Este,01JCVGPKRB8CBBPW7X5RYXMH76
12.7,8.6,16.5,785.65,1006.6,10.2,cloudy,10/23/2022,Norte,01JCVGPK0KT6B2D2FBY7VB9E4B
37.1,55.9,88.1,254.98,939.9,9.7,snowy,9/11/2022,Sureste,01JCVGPKDM5HC5MWD2A9TVYDPT
36.9,27.7,65.5,548.34,917.6,2.5,rainy,4/4/2021,Oeste,01JCVGPKW8T885WM7FEDN8TJHC
2.1,93.2,6.1,1166.11,933.2,15.3,sunny,2/4/2021,Sur,01JCVGPK1JHJ36KNAX3MKF0SSH
42.5,83.2,57.3,866.27,1057.2,15.3,rainy,11/13/2022,Oeste,01JCVGPKQBC3CSEKF6RP0VV6M6
3.7,15.8,77.9,572.72,967.8,19.0,rainy,4/12/2022,Noroeste,01JCVGPKYGTK23G3HPSTM1Q4GY
28.3,26.9,103.3,486.44,1053.9,2.7,cloudy,5/19/2022,Este,01JCVGPK81S17SJ28JDE69E0GB
42.6,85.8,13.4,1371.42,951.1,2.5,cloudy,9/25/2022,Sureste,01JCVGPKQD4MB5N79W15MDBDH7
24.9,72.1,90.5,950.99,943.8,16.4,rainy,8/4/2021,Este,01JCVGPK12BHAVF5S9GQH6TP1Z
42.7,19.2,99.1,130.02,1014.5,2.9,snowy,11/27/2021,Oeste,01JCVGPKSV8XHZVD793H3J771Y
17.0,72.0,20.4,1033.77,1010.3,5.5,snowy,12/6/2022,Sureste,01JCVGPKJ1SAZDC5ZV5AZEJEZT
28.8,25.9,47.5,131.94,940.2,6.2,snowy,9/13/2021,Noroeste,01JCVGPKNBHKS4Z1FCEGB7RZ4F
28.1,35.4,45.1,748.01,1033.8,5.0,sunny,7/7/2022,Este,01JCVGPKKERNKZ1NRS3850PCT5
21.8,8.7,6.0,767.66,1074.9,2.2,rainy,1/27/2021,Norte,01JCVGPKQ6XT8PJF47GZ9ECFDJ
19.4,95.0,101.5,1003.26,901.6,15.6,sunny,12/13/2022,Suroeste,01JCVGPM0HQ2GEWW8MMAGKXWT4
8.8,45.9,35.3,507.07,954.0,6.7,snowy,12/11/2021,Norte,01JCVGPKZQJ73RQEFF4DNKK12Y
27.1,85.9,47.9,961.06,998.8,14.1,cloudy,1/23/2022,Noreste,01JCVGPKTTZSRRBWS4X64P71HB
20.8,19.5,119.1,1118.66,966.5,11.9,sunny,7/1/2021,Suroeste,01JCVGPJZCTKBM0DTNZY3QD17Z
14.9,56.9,64.2,552.78,1075.5,0.8,snowy,1/24/2021,Suroeste,01JCVGPKS1Y2D8D9B71FDXX06S
28.7,5.2,82.3,1226.93,976.3,4.3,sunny,2/25/2021,Norte,01JCVGPKX6EX263GWFAJC9HJ0H
13.8,94.0,48.2,1358.61,986.0,15.8,sunny,10/18/2022,Oeste,01JCVGPM09PDRTK001XYF0SYP0
38.2,8.6,66.8,755.4,1055.0,3.4,rainy,7/3/2022,Noroeste,01JCVGPKNT1E73X8HSFV26F6B2
6.6,47.8,30.9,829.6,991.7,10.8,snowy,12/23/2022,Este,01JCVGPKDE3E4R0FD4WQ64GPPT
38.0,70.2,29.0,746.49,1028.8,2.5,rainy,6/12/2021,Sur,01JCVGPJYWPTJNW49F98ACWZ6M
14.0,71.5,83.0,1195.87,957.1,1.2,rainy,10/8/2022,Oeste,01JCVGPK7671WTYSC1VNMA9G4G
36.5,32.1,21.1,592.8,1037.9,16.8,cloudy,3/15/2022,Este,01JCVGPK4AXREDQ21R8KETY7FH
1.1,86.7,34.2,1242.83,1039.4,13.2,rainy,2/10/2021,Norte,01JCVGPKN2Q6KKWJBPMXXA16M2
26.5,38.3,46.8,954.51,989.8,14.7,sunny,7/7/2021,Noreste,01JCVGPKWJ4AZ49PBXJQH3MA7S
43.0,75.7,18.4,1031.12,1074.9,17.0,cloudy,8/5/2022,Sur,01JCVGPKV9BB73Q1GV25469C1H
12.3,89.2,42.5,1312.62,990.2,14.6,rainy,3/13/2021,Este,01JCVGPKA7XEPV5KRAY556CHP4
30.2,71.7,96.7,375.26,1050.2,12.5,cloudy,8/22/2022,Sur,01JCVGPKCFB5DM948EEX10GWB4
3.8,89.0,14.8,234.73,1094.1,11.8,sunny,9/1/2022,Noreste,01JCVGPJYGMVGERRHFVGTS49JF
1.3,78.3,25.2,1012.95,947.3,16.6,rainy,1/28/2022,Oeste,01JCVGPKPVTYXJ6EHQJDM474ZY
24.9,68.2,10.4,1097.68,1068.2,15.8,cloudy,10/29/2021,Noreste,01JCVGPK8EAMDW0FGHBJSW4R4S
42.3,44.6,32.4,857.22,917.7,0.4,sunny,4/28/2021,Oeste,01JCVGPK7849GKVPDHZMDAC6Z4
19.1,75.5,34.6,163.19,935.9,15.2,cloudy,9/30/2022,Noroeste,01JCVGPK4MMXHHXN2YH4MT04K1
20.9,63.1,44.6,688.93,1011.6,6.0,snowy,7/31/2021,Sur,01JCVGPKAA1FC4A6ABA6YGFZ9M
10.5,92.0,64.6,1039.64,1082.5,7.8,snowy,1/13/2022,Sur,01JCVGPKD29W1X6FM9DA9DCHYV
34.9,14.5,92.0,1278.29,985.8,9.2,snowy,9/16/2022,Este,01JCVGPK8N3YJZGM3WYWYHA8VE
31.0,62.1,83.5,600.87,929.7,16.4,sunny,4/19/2021,Noroeste,01JCVGPK4R6YWQ863EXW6CNR2E
33.3,56.8,67.8,1288.31,1035.2,1.7,snowy,8/3/2021,Este,01JCVGPM129BWTD30PH5HCQDWR
27.4,25.4,68.8,1292.29,1008.7,17.0,sunny,9/18/2021,Noreste,01JCVGPJZD793BPQZP1PA9VZ9W
-0.7,62.8,102.7,1321.74,900.7,16.4,snowy,3/3/2022,Noroeste,01JCVGPKG66D2Q0RDH0HPT13BT
0.6,29.4,80.9,328.44,910.3,11.8,sunny,6/23/2021,Norte,01JCVGPKBY98FVRVT8GWNPVQJB
18.3,84.9,102.3,16.31,1074.3,8.0,sunny,7/17/2022,Oeste,01JCVGPKBPH6AK5BQZ4XTNYPQ1
33.7,59.5,104.4,1118.92,1092.5,13.2,sunny,11/12/2021,Noreste,01JCVGPKMKYC3T791D9VQD29JC
0.4,62.9,50.2,247.71,980.6,11.4,cloudy,8/13/2022,Este,01JCVGPKV9SBB4BNAAD68JZ1F1
32.0,51.7,20.6,1208.89,1005.3,4.4,sunny,3/8/2021,Norte,01JCVGPKXB93MSEAGSA34W6VEW
18.5,39.6,16.0,1338.56,1017.5,2.5,snowy,1/13/2022,Sur,01JCVGPJYVCGERP7GRFA80K4EF
22.8,76.4,73.3,1294.29,1027.0,3.4,cloudy,9/11/2022,Oeste,01JCVGPK8G01AAFA85381F1WMJ
35.5,94.2,49.7,684.85,914.2,6.7,rainy,5/1/2022,Norte,01JCVGPK6P2SDK14ERMSVYJTHG
30.5,13.0,30.1,668.83,975.2,15.6,cloudy,10/10/2022,Suroeste,01JCVGPM0K4AVKN6HH8CAPTYBA
25.7,93.8,40.6,1319.51,1023.6,5.1,snowy,3/17/2022,Sureste,01JCVGPKTQBGQFQ15235ZZZY0V
24.3,33.5,2.3,765.18,1030.2,9.4,rainy,7/10/2022,Oeste,01JCVGPKY69JRR7V79QF2WJWD3
0.3,12.1,17.8,1054.71,1084.5,2.9,rainy,7/26/2021,Noreste,01JCVGPKSQYQ4JSBSD9CC0APP0
43.4,76.1,26.8,299.15,1004.7,3.3,cloudy,8/19/2021,Norte,01JCVGPKR2ABFMXGB6PD32B1DG
3.4,89.9,106.1,1216.06,1086.3,1.9,snowy,2/7/2022,Oeste,01JCVGPJZF6DZKNKSDXC6BTNN0
35.3,14.6,38.9,1324.84,955.9,7.2,rainy,8/21/2021,Este,01JCVGPK7849GKVPDHZMDAC6Z4
11.7,51.5,20.7,691.59,1086.3,2.3,sunny,9/11/2022,Oeste,01JCVGPK4BKRA6A8MBSBQ2QV1H
10.1,8.2,90.0,221.65,1094.7,3.3,cloudy,10/4/2021,Sureste,01JCVGPKJ1SAZDC5ZV5AZEJEZT
24.5,90.1,80.6,131.55,1037.7,6.7,snowy,11/10/2022,Suroeste,01JCVGPKWGGG9ZXJ40MGV45W25
38.8,71.4,66.3,206.18,1056.8,8.8,snowy,5/2/2022,Sureste,01JCVGPKVMYBSZ4SS6GFBFQK05
40.3,18.1,12.6,970.14,1053.0,5.8,snowy,6/26/2022,Este,01JCVGPM1NCBWARCXQDGSEYX82
32.1,94.4,63.1,1190.36,982.5,12.5,sunny,1/22/2021,Suroeste,01JCVGPK0K7SQ2R1S65B0KKVHH
33.6,97.4,55.1,491.85,1031.7,1.8,rainy,6/14/2022,Este,01JCVGPKDAV3GJPWZ6148P2SXT
35.8,26.0,91.5,929.62,1051.6,1.5,sunny,6/8/2021,Suroeste,01JCVGPKMBZ5EYT6A89QC3N0DZ
44.0,2.6,30.9,226.16,1093.8,3.7,cloudy,4/5/2022,Sur,01JCVGPKGP8FM44Y3AD5PE6HDY
43.1,35.0,79.9,966.66,1075.1,9.2,cloudy,12/28/2021,Suroeste,01JCVGPK9NM61R1SQABKKNZ41C
26.2,27.2,60.2,876.6,992.1,5.0,rainy,12/24/2022,Oeste,01JCVGPK8H74NYDR122BB6QK4Y
17.7,83.9,98.9,913.11,1075.1,14.1,snowy,2/7/2021,Noreste,01JCVGPK97S6AGVC9CFBM7924M
23.3,85.4,10.6,1116.38,1069.3,5.0,cloudy,2/24/2022,Sureste,01JCVGPK8MEP94NZQV4H2R9F09
28.9,12.1,42.6,925.53,990.8,1.2,snowy,12/22/2022,Norte,01JCVGPK63NZAP41045YFMA0PX
20.8,37.3,110.8,37.63,1000.5,9.2,cloudy,12/26/2022,Noreste,01JCVGPKGA81MP1F2YBSN34T3T
5.2,62.8,84.9,60.89,949.4,2.1,snowy,9/4/2022,Suroeste,01JCVGPKEQ9VEAZ8W2M0XNKG7Z
0.4,20.4,15.4,1265.46,1078.3,18.4,sunny,4/28/2021,Suroeste,01JCVGPKFJ6VTWCVG356T9RDDJ
14.1,80.7,95.1,837.74,998.8,9.1,sunny,1/19/2022,Este,01JCVGPKG111J8DMR082WVNN6B
41.1,89.3,21.3,990.92,969.5,19.7,snowy,4/2/2021,Norte,01JCVGPKQAX0N6Z7DC29DY1TQB
3.7,34.2,71.6,1353.44,1095.9,1.8,snowy,12/2/2021,Sur,01JCVGPKQG2FGBQCE9AE9G2VKZ
1.7,45.2,0.6,842.36,936.4,8.4,sunny,7/10/2021,Oeste,01JCVGPKPQT0VGS64F95V3X732
30.4,28.0,84.6,37.41,1021.1,8.9,cloudy,8/28/2022,Sur,01JCVGPK514QNEWHJXWN7NZYD6
32.7,31.7,59.2,26.47,963.5,13.0,cloudy,10/16/2022,Sur,01JCVGPM0F9ZW9CA7K0BZECR4E
40.5,73.0,113.3,894.79,949.1,2.0,rainy,8/16/2022,Sur,01JCVGPKWGGG9ZXJ40MGV45W25
26.3,95.4,46.0,119.58,915.0,15.3,sunny,1/24/2022,Suroeste,01JCVGPKPW4T4XJ862S1T92HZS
8.9,67.2,9.1,850.62,944.7,4.6,cloudy,10/21/2021,Suroeste,01JCVGPKFAADM6KTCKMQS3TZFB
32.8,81.3,84.2,113.89,959.7,10.7,snowy,10/20/2022,Oeste,01JCVGPKNCA3EKXGMA9KVXVXK5
28.0,18.8,96.1,1272.24,1006.5,6.4,rainy,10/13/2022,Norte,01JCVGPKKQ5BF7DHATQK46TEJV
16.1,4.9,86.8,75.48,1006.9,5.3,snowy,7/30/2021,Sur,01JCVGPM1NCBWARCXQDGSEYX82
23.6,99.4,72.0,1256.31,962.4,14.0,rainy,12/12/2022,Sureste,01JCVGPM2BYBC6X6Q36KMH1R5Q
23.7,19.3,62.2,1130.34,1038.6,13.4,sunny,7/12/2021,Oeste,01JCVGPJZ4NKG09YS4NAZGYN61
2.2,36.0,22.9,1311.89,956.3,13.7,rainy,7/18/2021,Oeste,01JCVGPKVFSMSH9TJ2HPYZ6ZK5
2.2,94.6,71.8,217.29,966.3,8.8,cloudy,8/15/2021,Noroeste,01JCVGPK5WQHWD564SD9YW4DAZ
43.9,79.8,26.8,469.29,1075.8,16.8,cloudy,10/4/2021,Noroeste,01JCVGPKB4D4XBX5ZW49QZ5P3C
39.1,59.6,4.2,1078.57,1063.6,8.3,rainy,8/10/2022,Sur,01JCVGPKST42WP0V7N74AZGRAD
28.3,55.8,23.0,137.41,923.4,11.0,cloudy,4/21/2022,Suroeste,01JCVGPKX09D8WX293KQFWG7MX
41.2,38.7,65.1,500.09,967.2,11.2,cloudy,6/22/2022,Sureste,01JCVGPM07WDGXZ3WVB9FPJEC3
39.8,46.7,53.2,83.58,935.1,11.9,sunny,8/3/2021,Este,01JCVGPKVSSJMJJRR9CN1T3KGS
41.9,0.2,32.1,1001.29,960.4,5.7,snowy,2/8/2022,Oeste,01JCVGPKVCENCXEQ4NZTMCX41J
1.0,91.4,68.6,30.9,997.2,14.5,cloudy,8/28/2022,Sureste,01JCVGPKWBY5KCAA08KDXSMEDB
15.7,50.1,118.1,1260.39,971.9,17.0,sunny,12/9/2022,Sur,01JCVGPKEBWNPXPR4D1ESFTPEX
8.4,49.4,47.1,1381.73,1076.4,17.3,cloudy,6/22/2021,Oeste,01JCVGPKBQJ0DZSFW7K1CSV12H
22.4,18.5,96.7,1048.02,1081.3,15.3,sunny,6/11/2022,Noreste,01JCVGPKRBP5PJPY7C8PGAAGXH
16.4,26.1,87.3,605.5,1041.0,15.6,rainy,4/17/2022,Sureste,01JCVGPKV1M267AGMK05CRMKBM
8.5,48.0,94.1,630.8,968.2,2.3,snowy,2/5/2021,Sureste,01JCVGPKXYANVPZDZ4HQ6MMQG5
9.1,15.3,58.6,170.48,945.8,9.3,rainy,4/25/2021,Noreste,01JCVGPKSSPNE3FY3ZTPCAWSR7
-1.4,2.8,14.1,1178.12,1040.2,8.1,snowy,3/2/2021,Noroeste,01JCVGPK7Q5MJ90477WCQE408A
35.4,79.9,49.2,61.58,1006.3,8.3,cloudy,6/23/2021,Oeste,01JCVGPK851B377WJ1350EF713
13.5,5.4,10.9,1150.97,950.2,11.0,rainy,7/27/2021,Noreste,01JCVGPKE694APMR3GJS1MH6T8
0.5,96.0,73.4,1235.79,1007.0,2.1,snowy,12/8/2022,Oeste,01JCVGPKQYT0J590FRWK2JSM0G
21.1,51.9,112.0,1000.44,928.6,3.8,sunny,1/4/2022,Noreste,01JCVGPJZ5TTZXC07DPF4S0MMF
30.3,2.6,117.7,1334.8,980.2,13.4,sunny,9/13/2022,Suroeste,01JCVGPKVVRR3163ZBV27CJYC1
18.3,58.1,74.1,45.02,1057.5,14.4,rainy,10/9/2021,Sur,01JCVGPKBY98FVRVT8GWNPVQJB
25.5,8.4,65.5,771.33,1032.6,14.2,rainy,7/26/2021,Noroeste,01JCVGPK647B6HGHECKRCT8NS1
2.0,63.8,5.9,1255.52,922.9,2.4,snowy,7/13/2022,Oeste,01JCVGPKVGGY9KXNN5KGCZYM1X
-1.8,18.4,81.1,1187.68,1021.3,10.1,rainy,5/1/2021,Oeste,01JCVGPM23X42ED3VS7FQCPN51
4.8,9.4,109.1,272.82,1022.6,15.5,cloudy,11/14/2022,Suroeste,01JCVGPKFT94B017PT91GVA0PM
13.2,99.5,108.2,1021.56,1057.5,9.6,rainy,11/10/2022,Suroeste,01JCVGPKGC6ET0F6T7YDYPCJAC
42.4,40.0,56.9,1088.13,1018.4,7.5,cloudy,7/23/2022,Noreste,01JCVGPKSN7ZGNVWP43KQ6D31D
11.2,41.2,95.2,969.82,1072.7,14.8,rainy,6/18/2022,Norte,01JCVGPK52QJBKXZPJW97874FF
12.2,33.6,35.5,1310.41,1094.8,2.5,cloudy,2/26/2021,Noroeste,01JCVGPKCWEKEKVYZ4RJ70VJJ3
28.0,40.1,30.5,713.61,919.9,14.1,cloudy,11/8/2022,Norte,01JCVGPKC6JKJ30V55ENPM6G2G
34.7,30.9,82.5,603.7,935.4,16.5,snowy,8/22/2021,Sur,01JCVGPKTTZSRRBWS4X64P71HB
16.1,83.4,62.3,986.85,1006.5,8.4,snowy,10/30/2021,Sur,01JCVGPM1AMJVBFET88J24RHJJ
6.0,32.4,62.5,507.55,963.0,15.1,sunny,10/14/2021,Sur,01JCVGPK7KF47N6Y1PFAFTWG4V
22.1,26.1,70.5,206.66,944.5,8.0,rainy,7/13/2022,Norte,01JCVGPKWZHQF4W5Z79ENVR5AT
8.6,34.2,45.2,1214.34,1090.4,15.0,sunny,9/20/2022,Norte,01JCVGPKTK6XXHQQYAA2C6QRBE
18.2,70.1,8.9,362.79,968.3,2.7,snowy,6/3/2022,Este,01JCVGPKMKYC3T791D9VQD29JC
30.8,37.0,105.8,1327.84,971.7,17.6,rainy,3/9/2022,Sureste,01JCVGPKD4FSENX1PG0XHT9KXH
31.7,48.7,104.7,492.01,959.8,7.4,sunny,2/18/2022,Noreste,01JCVGPKZZJK5T83W0ZBY5BKV9
39.5,22.6,3.4,1307.14,1006.4,7.9,snowy,4/23/2022,Oeste,01JCVGPKDM03YM707KPH2DEHMS
34.7,37.0,4.5,951.27,1055.7,18.6,sunny,11/25/2022,Noreste,01JCVGPKM25ZTS8AQ9MVNGAF4K
20.2,64.7,3.5,995.66,1079.1,13.0,cloudy,5/27/2022,Noroeste,01JCVGPK192J1JXAZ0SPE46XSC
36.7,69.4,65.1,546.99,996.6,14.9,snowy,3/27/2022,Noreste,01JCVGPK13VRS85Y4FDRAPPAPS
38.6,43.3,21.7,1269.49,1035.1,1.2,rainy,9/5/2022,Noreste,01JCVGPKQ3T0WWRF3Y8ZATA3F2
12.7,11.9,117.6,1155.26,941.4,15.7,cloudy,5/9/2022,Noreste,01JCVGPK75MVB9HH6S6MTH2CT1
39.6,76.8,103.2,454.47,1004.9,14.9,rainy,5/6/2022,Noroeste,01JCVGPKFPZN3H08JZ7ER872C3
30.0,86.5,3.9,1098.91,1073.0,7.0,snowy,8/20/2022,Noroeste,01JCVGPK5TM88GG79JFRPZFN6K
14.6,26.3,25.3,1379.05,1000.4,18.4,rainy,5/21/2022,Este,01JCVGPKP2776J07XSZ2QXK4GK
43.9,23.8,106.5,19.15,1077.1,9.0,sunny,6/6/2022,Suroeste,01JCVGPJYHXTBZ1JZXB4PCSG07
38.7,4.6,45.6,78.37,997.7,2.0,snowy,4/10/2022,Norte,01JCVGPK13VRS85Y4FDRAPPAPS
9.4,9.6,100.1,1032.97,1025.9,18.3,snowy,1/30/2022,Suroeste,01JCVGPK0TSRM5PFD9G0YK9ZPT
25.4,37.7,48.3,91.9,1069.3,1.7,cloudy,10/16/2022,Noroeste,01JCVGPK84NA662E4KZEN15V7W
0.7,36.0,89.1,1003.36,1031.6,15.6,snowy,9/20/2022,Este,01JCVGPK0WEFM0RVC1SV907F7S
22.8,62.7,63.2,419.29,1044.8,6.1,sunny,4/13/2021,Norte,01JCVGPKZ6FNWEEBJDNA4JDXN1
8.6,61.6,69.6,427.27,902.8,4.7,sunny,1/26/2022,Norte,01JCVGPK6WYDSK46D9EHS4JMS1
34.3,11.3,119.2,1080.1,1089.6,1.2,sunny,2/15/2022,Norte,01JCVGPKMECB0KRJTNVFGS8DQC
9.4,66.0,9.2,670.77,1094.3,17.7,snowy,9/14/2022,Oeste,01JCVGPKPJJDQ65FK9QJ0W4AE8
17.9,94.3,62.8,1301.39,942.9,0.2,cloudy,11/7/2021,Este,01JCVGPKS0SJAHH5CN9ATXDQX7
7.4,0.9,6.7,825.08,913.6,7.6,rainy,8/24/2021,Noreste,01JCVGPKRVKPA8969GBV4J11TA
3.0,58.9,37.1,321.04,1041.6,3.0,sunny,8/3/2022,Noreste,01JCVGPKREJ11V772ZD1NG7BNE
3.0,72.4,14.9,170.76,992.3,10.7,snowy,10/27/2021,Suroeste,01JCVGPKXAQ9KNDXABNNHN04WW
-1.2,42.4,84.1,187.22,1002.4,18.7,sunny,2/25/2022,Norte,01JCVGPKECSBYRQMNEPPB4A09A
11.4,2.8,11.3,447.58,923.7,12.0,rainy,3/23/2021,Oeste,01JCVGPKT812EQQJDJN1K3FH1F
2.8,76.9,98.1,124.3,1084.5,6.7,cloudy,1/10/2022,Suroeste,01JCVGPKMHB6PB6FTFQ2WQ7EDH
25.6,87.5,9.8,932.44,937.9,2.5,snowy,3/25/2021,Norte,01JCVGPKTK6XXHQQYAA2C6QRBE
23.6,25.8,51.9,563.88,938.3,11.3,rainy,4/21/2021,Sureste,01JCVGPJYBZCRH99A51HQ9PCCK
5.7,22.5,40.0,1151.51,917.5,4.7,sunny,10/12/2022,Norte,01JCVGPKAM8GSDGXB2J21TZT1K
18.8,5.5,79.6,1103.8,1038.5,4.8,rainy,7/12/2021,Norte,01JCVGPKHRG7Z5ZQP86CB34THT
39.9,96.6,42.0,417.96,939.4,4.1,snowy,8/6/2021,Oeste,01JCVGPKKVAYJBW3GB2DMAMAJM
34.9,90.8,100.0,1354.93,1080.0,0.9,rainy,6/28/2022,Este,01JCVGPK6S88FJF0HACDE4S93R
43.0,66.6,6.7,601.35,1065.3,18.2,snowy,12/14/2022,Oeste,01JCVGPM0V6S7WY5GXV0P86NAP
42.7,55.8,91.9,15.13,1069.2,12.8,sunny,7/19/2021,Noreste,01JCVGPKZJTY1WGM8PZQCEHGPR
27.9,75.7,66.0,319.51,906.9,18.3,sunny,11/18/2022,Este,01JCVGPK8CZE3DQW06AAC0BG4V
41.4,28.8,85.8,349.25,1031.5,6.1,rainy,9/16/2022,Sureste,01JCVGPKDJX9K3RZM3PRT7B9FH
27.8,85.9,103.1,864.77,1026.4,3.3,sunny,2/18/2022,Norte,01JCVGPK9E7MZMDG4S66MPY63A
36.4,97.9,96.0,393.56,912.3,6.2,cloudy,6/13/2022,Noreste,01JCVGPK8S0QQ7671AHRPG1WBQ
22.4,88.5,74.4,792.37,991.7,11.9,rainy,1/6/2022,Noroeste,01JCVGPKYT7PWRRK786K4NRM4A
27.3,1.9,24.1,1043.48,1087.3,18.9,sunny,1/14/2022,Suroeste,01JCVGPK0Y4T910ZYQ8Z813TGV
1.2,19.7,106.8,1164.41,982.7,8.0,rainy,4/11/2021,Noroeste,01JCVGPK4YXGHFHCKYKZGYCMZV
31.3,80.1,22.6,299.12,1011.5,14.8,rainy,11/1/2022,Sureste,01JCVGPKGG64MWT6JZ3T8G4QW8
23.7,24.9,43.9,141.31,916.0,3.5,snowy,3/16/2021,Sur,01JCVGPKM8WHHQH2C8WV1X42RV
15.4,4.5,21.8,587.51,953.2,13.2,cloudy,8/31/2022,Oeste,01JCVGPKQK50TFBH9VPQPRJGMF
39.1,14.1,61.7,337.15,942.5,8.3,sunny,2/9/2021,Este,01JCVGPK46PPEECYE9BY55PXWS
24.2,69.8,104.4,764.45,901.7,0.6,sunny,5/12/2022,Sureste,01JCVGPKG9MA7E9YXTNX03DVEJ
13.4,12.1,12.5,413.84,953.7,19.4,rainy,6/4/2022,Norte,01JCVGPM20SGFG9YQCYCA2C81M
25.8,48.5,73.0,1216.17,1021.3,16.2,cloudy,8/10/2022,Noroeste,01JCVGPKCT87JN692ZWH77P6GX
30.4,55.6,24.0,781.79,1029.3,7.8,snowy,4/3/2021,Oeste,01JCVGPK0Z871MGCEPB5DF492S
35.7,41.3,92.2,1297.52,979.1,2.9,cloudy,9/20/2022,Este,01JCVGPKESEJSTCNNQZKFCT71Q
40.3,59.9,12.6,553.35,1034.9,9.4,cloudy,12/19/2021,Sur,01JCVGPKCPY73NYZ7DQTXTADP0
-0.1,76.2,59.7,372.53,1047.8,3.3,snowy,11/29/2022,Sur,01JCVGPKQX77JRB5ZQYN9440J0
42.7,76.5,109.7,702.94,908.4,2.7,cloudy,11/22/2021,Suroeste,01JCVGPKY2JYZCCM4K70ANKZV1
12.3,32.5,115.8,1316.04,1056.4,11.7,cloudy,4/6/2021,Oeste,01JCVGPKKX63JR001XMV240PP7
0.4,59.9,51.3,382.15,1048.5,0.2,rainy,5/25/2021,Norte,01JCVGPKTBXVFGPXPCZJS7163Z
30.2,95.3,58.8,482.11,910.5,0.1,snowy,11/21/2021,Norte,01JCVGPM02EAT162F9129R2W4X
1.2,13.0,48.9,455.33,965.5,12.7,cloudy,5/11/2021,Sur,01JCVGPKQD4MB5N79W15MDBDH7
20.6,27.0,9.9,1244.16,1068.8,18.7,sunny,3/4/2021,Norte,01JCVGPKKKS9QQZWDFN6Z6QVTX
1.2,97.0,10.7,688.5,1056.4,7.2,snowy,3/29/2022,Oeste,01JCVGPK0S6A74N8W8EGN4EPSN
19.4,14.4,2.7,16.31,1038.7,8.0,snowy,11/17/2022,Norte,01JCVGPKFFHR3TFZX2ZGD9D2NY
35.3,32.0,112.1,419.93,1065.1,2.2,sunny,7/13/2021,Sureste,01JCVGPKBSW1E4A3HSG39JJYPK
42.9,68.9,92.0,626.97,996.9,13.4,rainy,12/15/2022,Norte,01JCVGPK99BC62D8PRQ5D2H3FF
16.7,65.6,90.4,1361.34,995.8,18.8,sunny,5/23/2021,Noreste,01JCVGPK4R6YWQ863EXW6CNR2E
13.0,38.1,74.5,690.66,1081.7,18.1,snowy,1/28/2022,Sureste,01JCVGPJYNKPD3TAEFC1H21QA6
32.6,76.8,43.4,279.01,938.6,12.4,snowy,10/2/2021,Noroeste,01JCVGPKS0SJAHH5CN9ATXDQX7
27.8,31.5,9.9,1159.12,990.9,8.5,snowy,5/11/2022,Noroeste,01JCVGPKWVF8MVT9D7S3AMA04S
21.6,45.3,85.3,693.74,1031.3,18.3,rainy,11/10/2021,Norte,01JCVGPKEBWNPXPR4D1ESFTPEX
23.7,47.7,39.0,591.42,960.0,0.6,sunny,8/24/2021,Noroeste,01JCVGPKD29W1X6FM9DA9DCHYV
42.4,82.7,39.9,290.85,1042.4,8.8,snowy,7/30/2021,Suroeste,01JCVGPKKM5XGX60EZTY7N46DN
30.1,62.5,77.0,821.67,926.5,16.1,cloudy,1/18/2021,Suroeste,01JCVGPM282YY0123AHKDKGNGA
24.1,15.8,23.7,820.27,1061.5,2.6,cloudy,6/7/2022,Suroeste,01JCVGPJZF6DZKNKSDXC6BTNN0
33.9,30.1,52.3,528.68,1099.6,11.4,snowy,4/9/2021,Oeste,01JCVGPKG8V2JVSEAXNABFTM4J
8.7,67.5,32.5,1025.52,955.5,13.5,rainy,11/7/2021,Noreste,01JCVGPKYB55KEBR1SV9T7VVK1
25.0,47.4,115.0,339.05,929.2,11.3,rainy,6/21/2021,Suroeste,01JCVGPKVADMPN4F20462WF29F
38.3,72.7,76.2,1303.11,979.0,1.0,sunny,4/7/2022,Oeste,01JCVGPKX4SJ1RH0RZZKC9SEYE
22.9,0.5,93.2,127.51,1030.6,5.5,cloudy,6/8/2022,Oeste,01JCVGPK9HPHF1BP8JYDARE0PN
32.6,99.6,109.9,353.53,935.1,15.9,rainy,2/8/2022,Noreste,01JCVGPK9ABJZYJBX812JJBMXF
8.5,92.0,25.0,1230.83,1014.1,2.4,rainy,9/14/2021,Suroeste,01JCVGPJYTR18Q7QY4S4T9YX7W
24.8,60.0,40.8,233.92,1009.5,3.7,snowy,6/17/2021,Oeste,01JCVGPK7ZD5KWXEF66QW6MHM8
7.7,27.6,50.1,342.8,1069.1,17.2,sunny,9/4/2022,Suroeste,01JCVGPKX8GP72BDBH4FPPVQXJ
6.8,38.2,47.0,1015.65,977.0,8.9,sunny,8/13/2021,Suroeste,01JCVGPKFYF04832PY7ENX1SR6
2.2,52.0,105.3,1307.28,1088.5,4.1,sunny,7/11/2021,Sur,01JCVGPKC2KN8H62VNXP0ENXQD
32.2,81.5,7.4,1291.43,930.9,8.5,rainy,4/27/2022,Este,01JCVGPKBKH36BP7T5DVZ7HG38
35.5,39.9,63.7,1055.42,937.5,9.7,rainy,10/17/2021,Norte,01JCVGPKKZ04CM5PBQC0CCM4EC
22.5,80.0,3.3,575.12,934.1,6.5,rainy,8/27/2022,Este,01JCVGPKYNDRFSJ2S7QV5R3TP9
8.5,75.5,14.4,413.84,956.7,4.9,rainy,7/7/2021,Norte,01JCVGPK5D1QNH54G7PSE4H8J9
18.2,33.0,97.3,376.48,1068.8,6.1,snowy,5/7/2021,Oeste,01JCVGPKTCAKPY2EP7DHCNV9ZS
30.0,51.2,51.1,1262.06,1095.5,18.2,sunny,6/4/2021,Oeste,01JCVGPK6NF0K6XPSMK8K5DM3Z
7.2,16.8,48.7,789.74,941.0,9.9,cloudy,11/23/2022,Sur,01JCVGPKZYGJ5D06DNBWKXHGEH
3.8,92.4,57.7,503.68,948.7,5.6,snowy,6/2/2022,Noreste,01JCVGPKXXEZ0V7DHQ9X7AM1W4
38.0,96.2,86.1,915.75,1048.7,15.1,rainy,11/17/2022,Oeste,01JCVGPM00X21Q27BA7YNKFEP8
20.5,9.3,10.1,774.24,1014.7,16.0,snowy,2/1/2021,Oeste,01JCVGPKWE85JS3VP6ZXT8G0XA
12.9,64.7,63.5,644.15,1009.6,12.5,snowy,4/11/2022,Oeste,01JCVGPK6AF017KZMFPJHJZD14
26.6,42.9,6.4,1016.52,1035.9,13.8,sunny,10/18/2022,Suroeste,01JCVGPKF14NVYEQSB1QZSP9CM
5.8,26.3,102.7,546.76,1044.6,14.1,rainy,4/1/2021,Sur,01JCVGPKX1GWRAT7F874QVMV4Z
4.2,64.0,49.9,1126.69,979.2,13.6,rainy,3/29/2021,Suroeste,01JCVGPKDNW0A8RXG44HK0EM7N
3.1,29.7,85.4,182.98,958.2,2.6,rainy,8/8/2021,Oeste,01JCVGPKAJV5QVRN90YRYYM4D8
17.4,89.0,108.1,380.23,1032.7,3.6,cloudy,9/30/2021,Este,01JCVGPJZ82884VQM6FEF3WW11
43.5,4.7,31.9,512.23,1009.8,10.8,cloudy,8/31/2021,Suroeste,01JCVGPK17Q882B001B1ZX6NJR
13.6,64.5,117.7,1263.28,998.3,5.0,rainy,6/7/2021,Suroeste,01JCVGPKX8GP72BDBH4FPPVQXJ
22.5,74.4,105.1,633.61,966.5,18.1,rainy,9/16/2021,Sur,01JCVGPKPCQYZ30P7NKMZ0XG1Z
21.9,10.3,66.7,1242.07,933.9,1.7,sunny,2/1/2022,Oeste,01JCVGPK4XA4BMA0P3R7PFE19T
34.4,61.8,113.4,876.33,906.3,20.0,cloudy,8/20/2021,Sureste,01JCVGPKD6VZBFVTYVFGEEYKB6
10.4,62.0,101.0,1181.41,1090.2,8.5,cloudy,1/4/2022,Sureste,01JCVGPKX6MN4ZC70J0M86K26Z
1.5,6.2,39.2,1167.78,1054.9,14.0,sunny,10/27/2021,Este,01JCVGPKG111J8DMR082WVNN6B
18.4,25.6,30.3,144.45,1093.9,14.6,snowy,12/13/2021,Noroeste,01JCVGPKRQ9A8N8J8WSGVQFFN6
32.0,85.1,99.9,1399.74,1087.7,19.7,cloudy,1/18/2022,Sur,01JCVGPK70JY3NSA0NX31EE5X5
11.7,50.3,20.7,1043.92,1076.7,4.1,rainy,5/14/2022,Suroeste,01JCVGPJYTR18Q7QY4S4T9YX7W
41.4,90.1,52.0,1205.31,1079.8,7.1,sunny,6/26/2022,Suroeste,01JCVGPKD9E6TN5D9XR2DK7G3A
31.5,98.7,3.5,108.15,913.6,12.1,rainy,11/18/2022,Sur,01JCVGPKZCKT8EQ4ZQ6TRYCM66
33.3,13.8,38.8,846.88,911.6,16.8,sunny,3/23/2022,Sureste,01JCVGPKH61WD648D5R5ZCHES3
22.7,96.3,51.9,1266.96,904.0,2.6,cloudy,2/3/2022,Este,01JCVGPM0YFHRDJGRXBWZQGAQT
4.8,89.1,47.5,687.75,954.4,6.2,rainy,10/24/2022,Noreste,01JCVGPKSHHRHXV0GHP6B9KYX4
34.2,83.3,3.1,267.41,934.3,15.8,cloudy,7/11/2021,Este,01JCVGPKY354X8ZYH12ATJMJFB
32.2,58.3,71.3,851.08,1056.7,16.4,snowy,6/22/2021,Oeste,01JCVGPK930DBMM87DQNP0F39J
6.7,45.0,65.2,1155.64,1001.5,12.0,sunny,8/6/2021,Este,01JCVGPKHB6QYGC569HM532C7P
32.9,0.1,36.3,303.53,1016.1,9.0,sunny,8/21/2021,Sur,01JCVGPJZPYT69X21FXDAWFGJ7
3.7,68.2,11.0,445.54,942.9,10.4,cloudy,9/28/2022,Norte,01JCVGPKFBVHDFPXWD34MG2N8H
29.1,88.3,38.2,828.2,1094.0,19.1,snowy,9/27/2021,Noreste,01JCVGPKNBEJPMW6D5R4NRQZY1
26.2,12.0,70.6,1051.69,1000.0,3.0,rainy,9/17/2022,Oeste,01JCVGPK48E3ZK2QXJ7QBS6VGZ
31.4,88.2,20.4,719.2,973.4,0.7,sunny,6/8/2021,Sur,01JCVGPKVNDWXZKABVYCMKQ8GE
38.4,81.7,100.4,701.43,925.8,18.4,rainy,4/29/2021,Noroeste,01JCVGPKV02KYHZXJVYS6MGZRW
42.6,17.0,106.8,598.3,997.2,2.7,cloudy,7/3/2021,Oeste,01JCVGPKGTPJHJSF52C3G4J8QQ
39.7,99.8,47.3,913.22,1039.8,5.3,snowy,11/3/2021,Norte,01JCVGPKYZYNDT8A4ATHX31690
-1.1,35.2,68.6,360.62,1041.9,4.7,sunny,9/3/2022,Suroeste,01JCVGPK1BJYTDR5W5VJ2A8452
41.6,78.7,21.8,373.12,1059.8,1.4,rainy,6/22/2021,Norte,01JCVGPK8N3YJZGM3WYWYHA8VE
13.1,69.5,78.3,969.77,1014.5,14.3,snowy,5/15/2022,Sureste,01JCVGPK7B38JC0NGW6WMY1DMY
9.6,1.6,80.0,926.73,952.6,6.1,sunny,6/6/2021,Noreste,01JCVGPKS5G7DDE5XKPB947N95
0.7,12.8,22.7,914.72,1016.7,3.2,snowy,2/20/2021,Este,01JCVGPKBCX2T0VGDGWKTZR3WD
37.2,95.2,48.3,321.14,1069.8,1.6,rainy,9/21/2021,Noreste,01JCVGPK0Z871MGCEPB5DF492S
25.5,7.6,79.9,1311.65,994.9,3.6,sunny,1/30/2021,Sureste,01JCVGPK8EAMDW0FGHBJSW4R4S
41.8,49.2,61.2,898.93,960.2,4.2,sunny,9/21/2022,Noroeste,01JCVGPK77SAF3ZP8DGFZCFFY6
-1.2,81.5,69.7,305.25,1099.8,17.5,cloudy,3/10/2021,Este,01JCVGPK5RHRG30CNFZPKDAZZW
9.2,36.5,104.7,1290.03,918.4,12.6,cloudy,3/31/2021,Sur,01JCVGPM080440DPKBNJBW3BT2
42.8,18.5,34.0,202.66,1077.3,4.7,rainy,8/21/2022,Noroeste,01JCVGPKRHNANSC3Q2R4GZH5JX
1.9,71.8,5.1,1136.74,1045.2,17.2,sunny,6/1/2021,Noroeste,01JCVGPKT2533PRRZ948Y7MVC0
6.3,21.1,59.4,169.29,910.1,5.9,sunny,1/3/2022,Norte,01JCVGPK0GMBSHY5YJ8SGJ6TFW
13.2,1.2,81.4,572.58,1085.4,19.2,snowy,12/13/2022,Este,01JCVGPKFYF04832PY7ENX1SR6
-1.4,87.8,23.2,817.83,1032.0,1.9,sunny,7/25/2021,Noroeste,01JCVGPKRMZG82B0993WGXNN2X
12.5,48.6,42.0,831.62,1061.7,7.3,rainy,6/14/2021,Suroeste,01JCVGPK7H5F36CF1VNHBEQY2Z
4.7,5.2,70.0,2.39,1068.2,7.7,sunny,9/20/2022,Noreste,01JCVGPKB7T62YZG4SWW02V085
20.3,64.8,26.9,805.82,1071.7,19.6,sunny,3/4/2022,Suroeste,01JCVGPKZAD1W8RADWMT3KQ94P
28.2,72.3,79.0,247.78,1027.8,16.9,sunny,6/7/2021,Este,01JCVGPM1MS9V25W7RP5ZNRZ18
41.7,19.0,119.3,526.43,1013.6,18.6,sunny,5/3/2022,Sur,01JCVGPKBMW105K0SNDEAM70YY
36.1,80.1,74.1,786.17,1046.6,16.2,snowy,3/20/2022,Este,01JCVGPKG4YP1W80GG7TKHQ1VG
27.5,84.2,56.1,1241.24,1025.4,15.9,cloudy,9/21/2021,Noroeste,01JCVGPKQEKYZHMZE5QJNH2PK7
10.4,13.0,19.5,286.14,941.7,12.8,sunny,10/12/2022,Noroeste,01JCVGPKTHQ91YNG11D8435Y60
1.8,44.5,38.7,795.25,986.8,14.0,snowy,4/27/2022,Sureste,01JCVGPKCFB5DM948EEX10GWB4
4.2,30.2,92.2,519.12,979.3,17.5,cloudy,10/4/2021,Sureste,01JCVGPK91R1D20Z1XDBH7RKMW
9.3,54.5,71.5,1095.86,1001.7,7.5,sunny,8/14/2022,Noroeste,01JCVGPKTYZCGEFGFPZB067Q7G
36.1,74.1,103.7,28.29,1003.0,2.5,sunny,1/14/2021,Norte,01JCVGPKP2776J07XSZ2QXK4GK
20.0,7.8,103.7,513.46,982.1,4.1,rainy,3/26/2021,Suroeste,01JCVGPKA06KQTP1WK6VQF10MS
42.5,64.6,70.0,846.59,930.1,13.4,sunny,2/15/2022,Sur,01JCVGPKY1367ZRSEKGGT4J3YX
12.0,59.5,18.9,216.0,924.1,3.4,sunny,11/10/2021,Sureste,01JCVGPKKJVG2KX4WYZHBSYKE9
25.5,17.8,14.5,475.29,925.5,17.1,rainy,4/9/2022,Norte,01JCVGPKMRRMGKDZH4G59FEH1Y
2.4,8.7,82.9,1295.3,1030.6,1.3,snowy,8/9/2021,Suroeste,01JCVGPKSW1TGYW8CRDXZNC9MM
4.1,19.1,103.5,891.67,947.3,17.6,snowy,12/1/2022,Oeste,01JCVGPKE3ADY8W5KBYNH0VV5C
9.1,49.0,53.3,900.18,1016.5,4.0,cloudy,6/2/2021,Noreste,01JCVGPKBY98FVRVT8GWNPVQJB
28.5,47.0,44.5,1373.78,911.7,19.9,sunny,1/9/2022,Sureste,01JCVGPKYZYNDT8A4ATHX31690
5.7,36.0,30.6,422.21,950.8,6.6,sunny,10/4/2021,Noroeste,01JCVGPKNPD1914TDSKA4FE5BJ
2.5,70.3,8.5,1140.55,981.2,17.1,sunny,11/24/2022,Sureste,01JCVGPKRJW84X4BCNC79H8W9E
31.6,86.7,18.3,688.69,960.4,2.9,sunny,12/6/2021,Sureste,01JCVGPKSYBZPP57YNY63KXJ6W
12.6,21.1,111.7,863.03,1047.7,5.7,snowy,11/20/2021,Suroeste,01JCVGPJZMTPYGGC6QNX12M6FW
22.4,88.1,20.9,1272.83,943.2,14.8,sunny,11/2/2022,Sureste,01JCVGPKPJJDQ65FK9QJ0W4AE8
23.9,1.5,5.2,1125.99,1060.7,4.0,cloudy,3/10/2021,Noroeste,01JCVGPKETZWZN3W0A53T4S4R2
17.9,81.3,113.0,39.91,1031.4,7.3,snowy,7/3/2021,Noroeste,01JCVGPJY93QDYBJ0EV2FXKAAB
15.9,97.1,83.9,1342.77,1017.0,5.6,snowy,7/21/2021,Oeste,01JCVGPKMN36TG3GMGT7EBS6NY
8.9,78.3,113.5,1325.97,927.9,12.9,rainy,6/27/2021,Oeste,01JCVGPK3XARFCH1M93F961XB4
22.9,21.2,83.7,987.8,1082.4,12.4,sunny,5/8/2021,Noreste,01JCVGPKA95JQMYT5GZYNA88CJ
0.2,80.1,20.1,730.87,964.3,16.8,rainy,6/20/2022,Sureste,01JCVGPKZ1HNPQ5A17TXYEZQB4
38.1,78.4,8.9,1375.8,948.2,5.7,snowy,6/13/2021,Noreste,01JCVGPKPQT0VGS64F95V3X732
39.2,47.7,89.5,1312.38,942.0,13.7,snowy,11/1/2022,Suroeste,01JCVGPKX4SJ1RH0RZZKC9SEYE
34.4,49.0,98.3,707.61,940.8,3.4,rainy,5/16/2021,Noroeste,01JCVGPKRZM8W9C5JKCT6YGHP9
34.5,94.2,80.7,1136.27,915.8,15.2,rainy,6/7/2022,Sureste,01JCVGPM23SPZ90N3DJ23PYZA5
19.3,57.8,46.4,977.08,1071.2,7.9,rainy,11/23/2022,Suroeste,01JCVGPK82PKBWQ995Q967FPRQ
-0.2,64.4,118.5,257.27,971.4,0.0,sunny,10/30/2021,Sur,01JCVGPKC8PGZCAYJMEPBPY2Q2
20.2,33.2,40.7,849.5,923.0,12.3,rainy,10/5/2022,Suroeste,01JCVGPKV9SBB4BNAAD68JZ1F1
34.2,49.4,69.2,1198.87,1051.1,14.4,rainy,11/11/2022,Oeste,01JCVGPKAA1FC4A6ABA6YGFZ9M
14.2,66.4,64.6,841.34,988.0,14.3,sunny,2/17/2021,Sur,01JCVGPK0TSRM5PFD9G0YK9ZPT
9.0,9.4,114.0,486.86,928.6,14.3,snowy,4/26/2021,Noroeste,01JCVGPKKWJZC21Y76H1DZAD7V
19.8,13.6,61.9,1165.86,1007.9,12.3,snowy,8/3/2021,Oeste,01JCVGPK01EJYEMBWFYGNCZ4TM
26.6,31.0,93.5,1121.45,1094.7,12.0,rainy,8/26/2021,Este,01JCVGPJZF6DZKNKSDXC6BTNN0
43.7,71.9,84.2,1240.67,1059.0,4.2,cloudy,6/25/2022,Norte,01JCVGPKB52VE80YWYBNGFXY68
21.1,71.4,77.7,350.87,1028.5,18.0,sunny,4/26/2021,Oeste,01JCVGPKHSWNBPJ9A06QEV0CS6
31.9,57.4,43.3,934.57,1073.7,12.5,cloudy,3/28/2021,Norte,01JCVGPKE5ABHCTSTSD0QQR7R2
38.4,48.3,84.5,105.87,1064.0,16.7,cloudy,3/29/2021,Este,01JCVGPJYPD8SPVCK5VVYJG8QE
42.4,48.8,42.8,1033.85,967.7,17.7,snowy,3/25/2022,Noroeste,01JCVGPKH2GYYB1JV5AVQA7C63
28.5,26.0,25.6,294.19,952.3,7.7,cloudy,11/20/2021,Oeste,01JCVGPK65G14C2N4Q74X2T1CA
37.4,80.8,95.5,587.54,1050.5,8.5,snowy,9/16/2021,Noreste,01JCVGPKRG35NAJHGWVGNQSNB4
33.3,48.4,55.8,92.78,1089.1,19.0,snowy,1/11/2022,Suroeste,01JCVGPKAA1FC4A6ABA6YGFZ9M
24.8,21.9,108.6,694.27,1028.1,18.8,sunny,1/15/2021,Noroeste,01JCVGPKC9YBNB3QA8Y7SGKE91
9.6,18.8,26.8,90.15,1024.6,6.4,rainy,7/19/2022,Noreste,01JCVGPKW4JV5TJZ2Q3YM8P7ZN
8.5,65.8,96.6,756.24,990.1,3.8,rainy,8/7/2022,Noreste,01JCVGPKPZEEZVB4E5J0BQE5XV
19.4,9.4,33.4,1132.06,976.0,8.1,rainy,3/11/2021,Sureste,01JCVGPKQYYBP456ZT1X9J281A
35.6,24.0,72.3,1223.81,924.5,2.4,snowy,1/8/2022,Noreste,01JCVGPKA3RZBF7YFM95GPD1MB
41.9,25.6,80.3,862.67,940.0,8.2,snowy,6/28/2022,Suroeste,01JCVGPKQ77YXZS41DHQ92VN37
36.2,6.8,97.3,971.62,992.9,10.0,sunny,4/4/2022,Oeste,01JCVGPK432Y4VC3F1ND3YGYWP
-0.6,8.9,5.5,338.05,973.5,6.1,snowy,3/20/2021,Noroeste,01JCVGPKXAQ9KNDXABNNHN04WW
31.0,66.6,45.5,351.64,1017.5,16.0,snowy,4/25/2021,Sur,01JCVGPKFCRRHK50MN3VRZ0DAY
-0.3,54.8,102.0,485.09,981.6,19.2,sunny,7/30/2022,Este,01JCVGPKY4BWXCM7HJY0TXJW5E
41.3,79.9,63.1,336.74,1082.7,4.6,rainy,2/27/2022,Oeste,01JCVGPK6S88FJF0HACDE4S93R
26.4,35.8,92.0,1337.82,1093.0,14.2,rainy,1/17/2021,Suroeste,01JCVGPKFT94B017PT91GVA0PM
35.1,94.7,93.8,754.89,1056.7,3.4,rainy,3/12/2021,Sur,01JCVGPM1YCJV3ZCX4NGXF7Z1Q
16.9,5.9,80.8,1049.03,975.7,1.1,cloudy,6/20/2021,Noroeste,01JCVGPK5XTZJPQMGAYAJKYT7J
8.7,75.2,83.9,111.0,910.1,2.4,rainy,3/20/2021,Sur,01JCVGPKDRT35MHYB570SW9GPA
35.2,12.5,117.9,128.89,1061.5,10.4,rainy,11/16/2021,Oeste,01JCVGPK6CTZPAGC5K8HE66WY4
24.4,68.1,26.8,151.62,1019.2,0.9,rainy,11/7/2021,Noreste,01JCVGPKWHMT5TN4TXEB2E561J
42.3,92.7,71.6,393.08,1068.3,2.6,cloudy,5/23/2021,Suroeste,01JCVGPKG111J8DMR082WVNN6B
31.7,37.3,86.8,1266.88,964.9,3.2,snowy,3/12/2021,Este,01JCVGPKBY98FVRVT8GWNPVQJB
40.2,19.7,110.0,246.11,901.4,9.5,rainy,3/29/2022,Oeste,01JCVGPKHVQ1X5CRMT8VY3760W
-0.9,38.3,107.7,324.2,969.8,12.8,rainy,8/13/2021,Noreste,01JCVGPKKYG1RT27PC5CHYKAXY
31.3,10.2,81.8,881.26,1026.2,1.0,sunny,5/29/2021,Oeste,01JCVGPKTSVWSZ53XM1VJBYFK9
17.5,94.9,24.7,815.96,1077.5,2.4,snowy,11/29/2021,Oeste,01JCVGPKEBWNPXPR4D1ESFTPEX
33.1,7.2,73.7,852.21,1062.7,7.2,cloudy,3/14/2021,Sur,01JCVGPKDWT2VRNYB8PCTYH0FV
32.0,67.4,12.5,932.42,1076.1,4.4,rainy,7/26/2021,Oeste,01JCVGPM1GDD52G66P9DHRTGQV
29.4,74.8,114.1,936.21,1019.2,6.1,cloudy,12/17/2022,Norte,01JCVGPKM4CG5F6BEV0BQAWMGD
34.0,83.8,81.4,1037.07,1056.0,1.4,snowy,11/6/2022,Sureste,01JCVGPKWZHQF4W5Z79ENVR5AT
41.1,77.1,36.0,874.77,1095.5,16.0,snowy,7/28/2021,Sur,01JCVGPKVHWRVNS9GKSKJDTQB0
25.5,71.9,5.5,1002.17,1070.9,4.3,cloudy,10/2/2021,Noreste,01JCVGPK491AP9AZD73A23D9Q9
22.9,78.1,77.2,744.47,969.4,10.9,sunny,6/23/2021,Oeste,01JCVGPKHGSXFRPAQ5FH7MVAZA
9.4,89.1,9.4,742.22,1041.4,3.5,sunny,2/27/2021,Este,01JCVGPKN36AAVFSH8H8SA5PAK
16.8,10.3,6.0,286.53,925.6,8.2,cloudy,6/6/2021,Noroeste,01JCVGPKXXEZ0V7DHQ9X7AM1W4
18.3,88.3,5.3,164.42,1008.1,13.3,sunny,5/17/2022,Este,01JCVGPK7X52S4WZN7BPEKZ6JH
32.3,58.4,71.1,1064.31,966.9,16.1,rainy,5/29/2022,Sureste,01JCVGPKFJ6VTWCVG356T9RDDJ
24.7,33.4,47.4,77.51,1025.6,1.1,snowy,12/13/2022,Sur,01JCVGPJZJX015K0F851R1HYEJ
22.8,57.7,43.2,797.48,924.0,14.2,snowy,3/21/2022,Oeste,01JCVGPK647B6HGHECKRCT8NS1
8.6,30.4,74.3,257.51,911.4,13.9,cloudy,12/8/2021,Sureste,01JCVGPJYC703DRMSGEW1TA2F2
9.1,62.8,63.0,323.03,919.3,16.4,snowy,9/29/2022,Noreste,01JCVGPKXW9241ZJM8HB2JB8JZ
3.8,18.5,85.1,893.99,1017.2,17.9,cloudy,4/24/2022,Noroeste,01JCVGPKDP2T33DC36SWV6SM0T
40.7,36.9,52.9,803.15,990.1,14.9,sunny,10/6/2021,Noreste,01JCVGPKDM5HC5MWD2A9TVYDPT
28.6,39.8,24.8,174.89,946.9,14.9,rainy,11/16/2021,Oeste,01JCVGPK6T3AQCSEM2VQNWY882
0.5,12.4,72.6,313.59,1054.3,7.7,snowy,11/6/2022,Norte,01JCVGPK7849GKVPDHZMDAC6Z4
17.8,4.5,47.1,102.27,1043.2,11.0,cloudy,11/2/2022,Norte,01JCVGPKPQT0VGS64F95V3X732
8.4,19.2,113.3,587.38,1071.5,6.6,rainy,3/5/2022,Sur,01JCVGPKFGQPX4GDPZRXT8TTMP
41.4,68.9,66.3,854.1,1033.5,13.3,snowy,4/15/2022,Suroeste,01JCVGPKWGGG9ZXJ40MGV45W25
12.3,66.8,67.6,1261.21,1044.5,1.5,rainy,7/12/2022,Oeste,01JCVGPM13AKVW0YR787A2F4HY
13.4,95.5,68.5,1090.92,1002.8,4.8,rainy,5/14/2021,Suroeste,01JCVGPKJ0AZXEMY4VYZM6DS3N
27.5,89.3,54.4,400.4,918.6,15.7,sunny,7/3/2022,Norte,01JCVGPK6HMX72P8B1YD90XTHX
31.9,48.9,72.8,321.48,946.3,5.1,cloudy,2/4/2022,Oeste,01JCVGPM0TSZS3XXC12FK14HPM
1.9,70.9,36.7,63.74,942.0,10.2,rainy,3/29/2022,Sur,01JCVGPM1NCBWARCXQDGSEYX82
40.2,3.8,106.4,514.55,995.6,14.9,rainy,7/4/2021,Oeste,01JCVGPKRB8CBBPW7X5RYXMH76
40.4,28.2,89.6,6.98,984.2,14.0,cloudy,6/11/2022,Sur,01JCVGPKFJ6VTWCVG356T9RDDJ
41.6,96.2,88.5,185.04,902.3,16.8,sunny,6/27/2022,Oeste,01JCVGPK53453WG0KGAZ5ZZ5NR
2.2,16.2,94.8,616.48,1029.3,3.4,cloudy,11/3/2022,Sur,01JCVGPJZ2HX5HY6147N7B4RTS
41.6,24.6,92.2,767.93,959.2,5.3,cloudy,2/10/2022,Este,01JCVGPK5D1QNH54G7PSE4H8J9
-1.1,70.5,32.2,388.69,1004.5,4.9,sunny,9/16/2021,Noroeste,01JCVGPM0CMGHXN12PXSZX6K7K
38.8,78.6,22.1,197.38,934.3,18.9,sunny,7/24/2022,Sureste,01JCVGPKDM5HC5MWD2A9TVYDPT
9.3,25.5,93.1,533.86,951.9,8.6,snowy,10/25/2022,Noroeste,01JCVGPK0D743XFCMAKV4H9K3Q
-0.5,89.0,92.1,438.76,1015.0,14.7,sunny,2/25/2022,Norte,01JCVGPKW1XWT5BWJR22YVHV7W
9.8,99.5,95.5,765.09,1064.0,18.1,rainy,4/8/2022,Oeste,01JCVGPK6NF0K6XPSMK8K5DM3Z
43.8,45.3,4.5,517.63,1018.7,3.9,snowy,6/12/2022,Noreste,01JCVGPKC2KN8H62VNXP0ENXQD
28.1,15.9,100.3,672.38,972.4,8.2,rainy,3/31/2022,Sur,01JCVGPKYHSSHTFSAEJ9QEYY61
29.0,58.5,83.0,317.83,1095.8,15.8,snowy,9/5/2022,Sureste,01JCVGPKRBP5PJPY7C8PGAAGXH
24.2,79.3,48.8,67.8,946.6,11.1,snowy,1/25/2021,Suroeste,01JCVGPKXW9241ZJM8HB2JB8JZ
4.9,92.3,110.9,287.52,901.9,17.3,snowy,12/20/2021,Norte,01JCVGPKXCZPVPHVKK2C7Q0B2N
34.0,58.1,52.3,623.18,1023.8,11.0,snowy,12/2/2021,Sureste,01JCVGPKQTDVQ2JC4PSRRH3XFE
41.1,0.7,58.5,510.55,964.7,19.0,cloudy,9/7/2021,Oeste,01JCVGPK82PKBWQ995Q967FPRQ
21.0,57.6,82.5,1334.98,969.6,11.6,rainy,2/13/2021,Suroeste,01JCVGPKEHRHDMG52G3K2JQAJB
43.9,4.7,77.7,597.01,1085.8,16.0,rainy,2/21/2022,Noreste,01JCVGPKMHQ3KTV1N4KRS6N6AZ
32.1,46.3,84.0,1263.57,1025.6,17.6,sunny,6/11/2021,Norte,01JCVGPKYVWKQMX84CC6B98BX1
36.1,61.0,53.0,1213.84,980.1,14.3,snowy,2/12/2022,Noreste,01JCVGPKATP56FGGQW5QP2WAQA
29.4,56.0,102.1,465.89,1047.9,7.1,snowy,7/17/2022,Sureste,01JCVGPKHAJ3Q6V8SYJ0DAQJDR
17.9,41.4,86.8,206.13,1074.9,12.1,snowy,3/1/2022,Norte,01JCVGPK0D743XFCMAKV4H9K3Q
33.5,75.9,28.8,699.9,906.0,13.6,sunny,3/25/2022,Sur,01JCVGPJYWPTJNW49F98ACWZ6M
5.5,83.7,116.1,352.01,1029.5,5.0,rainy,11/25/2022,Sureste,01JCVGPK0K7SQ2R1S65B0KKVHH
24.6,43.8,56.2,1187.21,908.5,12.5,rainy,8/17/2022,Sureste,01JCVGPK0RD42EAZBP1817831W
24.1,27.4,68.9,1177.78,1030.1,4.6,sunny,7/22/2022,Noreste,01JCVGPKG7H60G55TJP8H4GNXT
23.8,19.8,81.2,769.07,1068.4,15.0,cloudy,5/9/2021,Oeste,01JCVGPK5RHRG30CNFZPKDAZZW
39.3,78.7,61.7,885.03,921.6,5.6,cloudy,11/4/2022,Oeste,01JCVGPM1B7HS9QMFNHB9QETTX
27.0,91.9,3.1,491.92,938.1,17.1,rainy,7/9/2021,Este,01JCVGPM10ZZPNY5KSKRYGW93R
26.0,47.9,74.3,629.98,1006.6,3.1,snowy,9/4/2021,Noroeste,01JCVGPKYWX5QSK2JKA2K1KBHJ
39.9,87.5,50.0,460.02,969.2,14.7,sunny,5/7/2021,Sureste,01JCVGPKWF93Y2KS0JX55AM899
33.0,12.4,100.8,305.45,922.9,0.6,sunny,5/18/2022,Norte,01JCVGPKXV38AZT5W4GF7GHSGS
23.2,10.8,83.4,785.8,998.6,18.9,sunny,3/23/2022,Sureste,01JCVGPK04AE8JH9F0Z18PD5AN
3.8,17.0,35.7,1108.98,925.5,18.3,snowy,4/23/2021,Oeste,01JCVGPK6S88FJF0HACDE4S93R
26.2,39.8,5.9,74.87,941.7,15.6,snowy,3/7/2022,Norte,01JCVGPKDZCXMADABPEXD7QKZH
37.4,80.1,66.5,803.32,950.8,9.4,sunny,7/19/2022,Suroeste,01JCVGPK5PWCXFG0326S63XYRR
27.0,93.9,23.5,347.71,983.9,9.0,snowy,7/16/2022,Noreste,01JCVGPKBGXBSJTYPD495QK377
28.7,74.3,57.8,703.4,971.2,6.4,sunny,6/4/2022,Este,01JCVGPKX6EX263GWFAJC9HJ0H
41.8,62.2,107.0,631.93,960.3,2.2,snowy,12/4/2022,Este,01JCVGPKDDKNK19JQM1YAFN92H
24.8,50.3,42.1,747.23,936.6,16.7,sunny,2/21/2021,Este,01JCVGPKR6CE8CJWD47JGDSG0D
19.4,9.4,16.9,783.46,1054.1,2.9,cloudy,9/26/2021,Oeste,01JCVGPKH60TEQPSRQ4RJKW1H7
2.2,99.5,87.7,342.26,973.0,18.2,cloudy,2/24/2021,Sureste,01JCVGPKGQGFJ84FF41Y0DBCEV
36.0,92.6,7.0,1096.59,980.2,1.1,rainy,3/11/2021,Sureste,01JCVGPKGA81MP1F2YBSN34T3T
35.1,35.9,76.1,443.55,996.3,3.6,cloudy,2/24/2021,Oeste,01JCVGPKSYBZPP57YNY63KXJ6W
42.3,72.3,63.7,600.51,1072.6,1.1,rainy,9/14/2021,Suroeste,01JCVGPKMZ842T6KDCGV0MWXWS
43.9,61.0,88.1,302.55,987.4,18.7,rainy,2/7/2022,Sureste,01JCVGPKTHQ91YNG11D8435Y60
-0.7,47.9,105.3,790.68,980.5,6.9,sunny,12/12/2022,Sur,01JCVGPK73ZZ1AQ82MG7QM8RD7
9.2,53.1,80.7,567.02,924.8,3.4,snowy,5/3/2021,Sur,01JCVGPKDAV3GJPWZ6148P2SXT
28.4,88.4,43.4,1206.31,908.9,2.3,sunny,8/17/2021,Oeste,01JCVGPKT5K48ENPFFJ4MMKMV9
37.3,40.3,98.0,70.97,1069.1,17.2,cloudy,3/13/2022,Noroeste,01JCVGPK6BXMJKQWVVAQVQ7X3V
25.2,81.2,94.6,1387.26,951.0,15.7,cloudy,3/24/2021,Sur,01JCVGPK0QRXMPWNTYZXZG8KSZ
31.9,52.3,105.1,1006.4,1093.3,7.6,rainy,6/27/2021,Sur,01JCVGPKB9KAVPJ2WHARKSWSEX
24.9,11.0,95.4,173.93,972.3,7.6,cloudy,10/2/2022,Norte,01JCVGPKZXE69KPCX08V1M31T9
40.9,91.4,102.6,1055.29,974.1,10.5,snowy,10/23/2022,Sur,01JCVGPKF34TJHB4YBAGF6M9PE
12.4,74.0,79.4,509.12,1040.3,10.5,rainy,1/24/2022,Este,01JCVGPKAZ3FQPCKDC1BYXRA83
43.0,46.6,27.7,1280.22,1032.6,18.6,rainy,3/30/2022,Sur,01JCVGPKWBY5KCAA08KDXSMEDB
33.0,64.1,86.5,1399.84,974.1,7.7,snowy,4/6/2022,Noreste,01JCVGPJZVF57VV620V7NDJ683
6.6,56.1,114.5,377.61,913.6,6.2,snowy,1/28/2021,Norte,01JCVGPKY5AWWAXDA100EANADA
6.9,82.2,69.8,1265.05,1074.7,6.3,sunny,2/27/2022,Norte,01JCVGPKTK6XXHQQYAA2C6QRBE
13.0,13.3,5.6,810.66,1073.5,11.1,cloudy,1/5/2022,Norte,01JCVGPK7WPQV8B8WR3SMCMZKC
21.0,86.5,72.9,1251.28,982.4,18.7,rainy,8/31/2021,Noreste,01JCVGPKR10ZHGWS85W2MQ5B3D
34.5,18.6,118.2,723.07,911.7,9.1,cloudy,1/16/2022,Este,01JCVGPK0TSRM5PFD9G0YK9ZPT
30.8,92.0,115.6,448.84,949.8,2.0,cloudy,1/4/2022,Norte,01JCVGPKQ77YXZS41DHQ92VN37
37.9,90.2,102.6,672.85,1030.1,4.3,snowy,10/29/2021,Noreste,01JCVGPKSQYQ4JSBSD9CC0APP0
24.2,83.0,25.5,711.15,1057.5,2.7,sunny,12/21/2022,Norte,01JCVGPJZF6DZKNKSDXC6BTNN0
